product_id,name,category,subcategory,price,tags,rating,emoji
P001,Parle-G Biscuit,Bakery,Biscuits,10,"bakery,tea,kids",4.5,🍘
P002,Good Day Cashew Biscuit,Bakery,Biscuits,35,"bakery,premium,cashew",4.3,🍪
P003,Britannia Marie Gold,Bakery,Biscuits,25,"bakery,light,tea",4.2,🫓
P004,Bourbon Chocolate Cream,Bakery,Biscuits,30,"bakery,chocolate,cream",4.4,🍫
P005,Milk Bikis,Bakery,Biscuits,20,"bakery,milk,kids",4.1,🥛
P006,Hide & Seek Chocolate,Bakery,Biscuits,40,"bakery,chocolate,premium",4.3,🍩
P007,Digestive NutriChoice,Bakery,Biscuits,55,"bakery,health,fiber",4.0,🌾
P008,Krackjack Sweet Salty,Bakery,Biscuits,20,"bakery,sweet,salty",4.2,🧇
P009,Monaco Biscuits,Bakery,Biscuits,15,"bakery,light,snack",4.0,🫙
P010,Tiger Glucose Biscuit,Bakery,Biscuits,10,"bakery,glucose,kids",3.9,🐯
P011,Lays Classic Salted,Snacks,Chips,20,"snack,chips,kids",4.5,🥔
P012,Kurkure Masala Munch,Snacks,Chips,20,"snack,spicy,masala",4.6,🌶️
P013,Bingo Mad Angles,Snacks,Chips,20,"snack,tangy,masala",4.4,📐
P014,Pringles Original,Snacks,Chips,99,"snack,premium,imported",4.3,🫙
P015,Haldiram Aloo Bhujia,Snacks,Namkeen,50,"snack,namkeen,spicy",4.7,🥜
P016,Haldiram Mixture,Snacks,Namkeen,60,"snack,namkeen,mixed",4.5,🫘
P017,Haldiram Moong Dal,Snacks,Namkeen,30,"snack,dal,crispy",4.4,🟡
P018,Lays Magic Masala,Snacks,Chips,20,"snack,chips,masala",4.5,🧡
P019,Too Yumm Multigrain,Snacks,Chips,20,"snack,health,multigrain",4.0,🌽
P020,Bikano Chana Chur,Snacks,Namkeen,40,"snack,namkeen,spicy",4.3,🟤
P021,Amul Butter 500g,Dairy,Butter,280,"dairy,butter,cooking",4.8,🧈
P022,Amul Cheese Slices,Dairy,Cheese,140,"dairy,cheese,sandwich",4.6,🧀
P023,Nestlé Yogurt,Dairy,Yogurt,35,"dairy,yogurt,healthy",4.2,🍶
P024,Mother Dairy Paneer 200g,Dairy,Paneer,90,"dairy,paneer,cooking",4.5,⬜
P025,Amul Ghee 1L,Dairy,Ghee,650,"dairy,ghee,cooking,premium",4.8,🪔
P026,Amul Shrikhand,Dairy,Sweets,80,"dairy,sweet,dessert",4.4,🍮
P027,Milkmaid Condensed Milk,Dairy,Milk,95,"dairy,sweet,baking",4.3,🥫
P028,Amul Cream 200ml,Dairy,Cream,55,"dairy,cream,cooking",4.3,🫗
P029,Epigamia Greek Yogurt,Dairy,Yogurt,65,"dairy,yogurt,premium,healthy",4.4,🥣
P030,Amul Masti Dahi 400g,Dairy,Yogurt,55,"dairy,dahi,daily",4.5,🪣
P031,India Gate Basmati Rice 5kg,Grains,Rice,450,"grains,rice,basmati,cooking",4.7,🍚
P032,Daawat Rozana Rice 5kg,Grains,Rice,350,"grains,rice,daily",4.5,🌾
P033,Tata Sampann Toor Dal 1kg,Grains,Dal,145,"grains,dal,protein,daily",4.6,🫘
P034,Tata Sampann Chana Dal 1kg,Grains,Dal,130,"grains,dal,protein",4.5,🟡
P035,Aashirvaad Atta 10kg,Grains,Flour,480,"grains,atta,wheat,daily",4.7,🌽
P036,Pillsbury Maida 1kg,Grains,Flour,55,"grains,maida,baking",4.3,🍞
P037,Quaker Oats 1kg,Grains,Oats,200,"grains,oats,healthy,breakfast",4.4,🥣
P038,Saffola Oats 500g,Grains,Oats,130,"grains,oats,healthy",4.3,🌿
P039,MTR Poha 500g,Grains,Poha,60,"grains,poha,breakfast",4.4,🍛
P040,Suji Rawa 500g,Grains,Suji,40,"grains,suji,cooking",4.2,🫙
P041,MDH Garam Masala 100g,Spices,Masala,85,"spices,masala,cooking",4.7,🌶️
P042,Everest Kitchen King,Spices,Masala,70,"spices,masala,cooking",4.6,👑
P043,Catch Turmeric Powder 200g,Spices,Single Spice,45,"spices,haldi,cooking",4.5,🟡
P044,Everest Red Chilli Powder,Spices,Single Spice,55,"spices,chilli,spicy",4.6,🔴
P045,MDH Rajma Masala,Spices,Masala,60,"spices,masala,rajma",4.5,🫘
P046,Catch Coriander Powder,Spices,Single Spice,40,"spices,dhania,cooking",4.4,🌿
P047,MDH Chana Masala,Spices,Masala,65,"spices,masala,chana",4.6,🟤
P048,Everest Pav Bhaji Masala,Spices,Masala,55,"spices,masala,street food",4.7,🍢
P049,Saffola Oil 5L,Spices,Oil,800,"cooking,oil,healthy",4.5,🫙
P050,Fortune Sunflower Oil 5L,Spices,Oil,720,"cooking,oil,daily",4.4,🌻
P051,Maggi 2-Minute Noodles 12pk,Noodles,Instant,168,"noodles,quick,kids,masala",4.8,🍜
P052,Yippee Magic Masala,Noodles,Instant,14,"noodles,masala,quick",4.6,🌀
P053,Knorr Soupy Noodles,Noodles,Instant,25,"noodles,soup,tangy",4.3,🥣
P054,Wai Wai Noodles,Noodles,Instant,15,"noodles,quick,spicy",4.2,🌶️
P055,Sunfeast Pasta Treat,Noodles,Pasta,30,"pasta,kids,cheesy",4.1,🧀
P056,Borges Penne Pasta 500g,Noodles,Pasta,120,"pasta,italian,cooking",4.2,🍝
P057,Maggi Atta Noodles,Noodles,Instant,14,"noodles,atta,healthy",4.3,🌾
P058,Top Ramen Curry,Noodles,Instant,14,"noodles,curry,quick",4.2,🍲
P059,Patanjali Noodles,Noodles,Instant,15,"noodles,desi,atta",3.9,🕉️
P060,Smith & Jones Pasta Masala,Noodles,Pasta,45,"pasta,masala,cooking",4.0,🍃
P061,Tropicana Orange Juice 1L,Drinks,Juice,120,"drinks,juice,orange,healthy",4.4,🍊
P062,Real Fruit Power Mango,Drinks,Juice,90,"drinks,juice,mango",4.3,🥭
P063,Frooti Mango Drink 200ml,Drinks,Juice,20,"drinks,mango,kids",4.5,🧃
P064,Sting Energy Drink,Drinks,Energy,30,"drinks,energy,caffeinated",4.2,⚡
P065,Limca Soft Drink 750ml,Drinks,Soda,45,"drinks,soda,lemon",4.1,🍋
P066,Maaza Mango 600ml,Drinks,Juice,40,"drinks,mango,refreshing",4.4,🫧
P067,Paper Boat Aamras,Drinks,Juice,30,"drinks,aam,traditional",4.5,🚢
P068,B Natural Mixed Fruit,Drinks,Juice,85,"drinks,juice,mixed,healthy",4.2,🍹
P069,Bisleri Water 1L,Drinks,Water,20,"drinks,water,daily",4.6,💧
P070,Red Bull Energy Drink,Drinks,Energy,125,"drinks,energy,premium",4.1,🐂
P071,Kissan Mixed Fruit Jam,Condiments,Jam,110,"condiment,jam,bread,kids",4.4,🍓
P072,Maggi Hot & Sweet Sauce,Condiments,Sauce,85,"condiment,sauce,tangy",4.6,🌶️
P073,Heinz Tomato Ketchup 450g,Condiments,Ketchup,160,"condiment,ketchup,kids",4.5,🍅
P074,Ching's Schezwan Chutney,Condiments,Chutney,60,"condiment,chutney,spicy,indo-chinese",4.7,🥢
P075,Veeba Burger Sauce,Condiments,Sauce,95,"condiment,sauce,burger",4.3,🍔
P076,Dr. Oetker Mayonnaise,Condiments,Mayo,130,"condiment,mayo,sandwich",4.3,🥪
P077,Druk Honey 500g,Condiments,Honey,250,"condiment,honey,healthy",4.5,🍯
P078,Nutella 350g,Condiments,Spread,380,"condiment,chocolate,bread,premium",4.7,🌰
P079,Amul Peanut Butter Crunchy,Condiments,Spread,190,"condiment,peanut butter,protein",4.5,🥜
P080,Britannia Date & Fig Jam,Condiments,Jam,120,"condiment,jam,fig,healthy",4.2,🫐
P081,Colgate Strong Teeth 200g,Personal Care,Dental,85,"personal,dental,daily",4.5,🦷
P082,Oral-B Toothbrush Soft,Personal Care,Dental,65,"personal,dental,brush",4.4,🪥
P083,Dove Soap 100g,Personal Care,Soap,55,"personal,soap,moisturizing",4.6,🕊️
P084,Dettol Original Soap 75g,Personal Care,Soap,35,"personal,soap,antibacterial",4.7,🧼
P085,Head & Shoulders Shampoo 340ml,Personal Care,Haircare,280,"personal,shampoo,dandruff",4.5,💆
P086,Pantene Long & Strong Shampoo,Personal Care,Haircare,260,"personal,shampoo,hair",4.4,💇
P087,Nivea Body Lotion 400ml,Personal Care,Skincare,250,"personal,lotion,skin",4.4,🧴
P088,Parachute Coconut Oil 500ml,Personal Care,Haircare,130,"personal,hair oil,coconut",4.7,🥥
P089,Gillette Mach3 Razor,Personal Care,Grooming,250,"personal,shaving,grooming",4.5,🪒
P090,Whisper Ultra Pads L 15pk,Personal Care,Hygiene,120,"personal,hygiene,women",4.6,🌸
P091,Horlicks Original 500g,Health,Supplements,280,"health,supplement,kids,energy",4.4,💪
P092,Complan Chocolate 500g,Health,Supplements,380,"health,supplement,chocolate,kids",4.3,🍫
P093,Ensure Vanilla 400g,Health,Supplements,750,"health,supplement,adult,premium",4.4,🏋️
P094,Saffola Active Muesli,Health,Breakfast,280,"health,muesli,breakfast,fiber",4.3,🌄
P095,Patanjali Chyawanprash 1kg,Health,Ayurvedic,250,"health,ayurvedic,immunity",4.5,🌿
P096,Dabur Honey 500g,Health,Natural,280,"health,honey,natural",4.6,🐝
P097,Revital H Capsules 30,Health,Vitamins,380,"health,vitamins,daily",4.3,💊
P098,Pediasure Vanilla 400g,Health,Supplements,800,"health,kids,nutrition,premium",4.4,👶
P099,Glucon-D Orange 500g,Health,Energy,120,"health,energy,glucose,kids",4.3,⚡
P100,Himalaya Chyavanaprasha,Health,Ayurvedic,220,"health,ayurvedic,immunity",4.4,🏔️
P101,Surf Excel Easy Wash 3kg,Home Care,Detergent,380,"home,detergent,laundry",4.7,👕
P102,Ariel Matic Top Load 4kg,Home Care,Detergent,650,"home,detergent,washing machine",4.6,🫧
P103,Vim Dishwash Liquid 750ml,Home Care,Dishwash,120,"home,dishwash,kitchen",4.6,🍽️
P104,Harpic Power Plus 500ml,Home Care,Toilet Cleaner,120,"home,toilet cleaner,hygiene",4.6,🚽
P105,Colin Glass Cleaner 500ml,Home Care,Cleaner,120,"home,glass cleaner",4.4,🪟
P106,Lizol All Floor Cleaner 2L,Home Care,Floor Cleaner,280,"home,floor cleaner,pine",4.5,🧹
P107,Odonil Room Freshener,Home Care,Air Freshener,75,"home,fragrance,freshener",4.3,🌸
P108,Scotch-Brite Scrub Pad 3pk,Home Care,Kitchen,75,"home,scrub,kitchen",4.5,🫧
P109,Mortein Mosquito Coil 10pk,Home Care,Pest Control,60,"home,mosquito,pest control",4.4,🦟
P110,Good Knight Liquid Refill,Home Care,Pest Control,75,"home,mosquito,pest control",4.5,🌙
P111,McCain Smiles Fries 420g,Frozen,Snacks,220,"frozen,fries,kids,quick",4.3,😊
P112,Haldiram's Ready Dal Makhani,Frozen,Ready Meals,120,"frozen,ready meal,dal,quick",4.4,🫕
P113,MTR Paneer Butter Masala,Frozen,Ready Meals,130,"frozen,ready meal,paneer",4.3,🧆
P114,Gits Gulab Jamun Mix,Frozen,Sweets,85,"frozen,sweet,dessert,quick",4.5,🍡
P115,Mother Dairy Ice Cream Vanilla,Frozen,Ice Cream,120,"frozen,ice cream,dessert",4.4,🍦
P116,Kwality Walls Cornetto,Frozen,Ice Cream,50,"frozen,ice cream,cone,kids",4.5,🍦
P117,Amul Kool Kafe 200ml,Frozen,Beverages,40,"dairy,cold coffee,chilled",4.3,☕
P118,ITC Farmland Potato Fries,Frozen,Snacks,180,"frozen,fries,snack",4.1,🍟
P119,Vadilal Mango Kulfi,Frozen,Ice Cream,45,"frozen,kulfi,mango,indian",4.6,🧊
P120,Sumeru Vegetable Cutlets,Frozen,Snacks,220,"frozen,cutlets,veg,snack",4.2,🥗
P121,Tata Tea Gold 500g,Beverages,Tea,280,"beverage,tea,daily,morning",4.7,🫖
P122,Red Label Tea 500g,Beverages,Tea,240,"beverage,tea,daily",4.6,🍵
P123,Nescafé Classic 100g,Beverages,Coffee,350,"beverage,coffee,instant,morning",4.5,☕
P124,Bru Gold Coffee 200g,Beverages,Coffee,280,"beverage,coffee,instant",4.4,🫘
P125,Green Tea Lipton 25 bags,Beverages,Tea,180,"beverage,green tea,healthy",4.3,🍃
P126,Tetley Masala Chai 25 bags,Beverages,Tea,120,"beverage,masala tea,chai",4.5,🌺
P127,Davidoff Rich Coffee,Beverages,Coffee,550,"beverage,coffee,premium",4.4,🏆
P128,Bournvita 1kg,Beverages,Health Drink,480,"beverage,chocolate,kids,health",4.6,🟤
P129,Milo Chocolate Drink 400g,Beverages,Health Drink,280,"beverage,chocolate,energy",4.3,🏃
P130,Taj Mahal Tea 500g,Beverages,Tea,320,"beverage,tea,premium,morning",4.7,🕌
P131,Maggi Masala Noodles 6pk,Noodles,Instant,84,"noodles,masala,quick,kids",4.8,🍜
P132,Britannia 50-50 Biscuits,Bakery,Biscuits,20,"bakery,sweet,salty",4.3,⚖️
P133,Dark Fantasy Choco Fills,Bakery,Biscuits,50,"bakery,chocolate,premium",4.6,🌑
P134,Sunfeast Dream Cream Vanilla,Bakery,Biscuits,30,"bakery,cream,vanilla",4.3,🤍
P135,Priya Gold Butter Bite,Bakery,Biscuits,25,"bakery,butter,tea",4.1,🧈
P136,Amul Lassi 200ml,Dairy,Lassi,25,"dairy,lassi,refreshing",4.4,🥤
P137,Real Pomegranate Juice 1L,Drinks,Juice,150,"drinks,juice,pomegranate,healthy",4.3,❤️
P138,Tropicana Guava Juice 1L,Drinks,Juice,130,"drinks,juice,guava,healthy",4.2,💚
P139,Appy Fizz Apple Soda,Drinks,Soda,30,"drinks,soda,apple,kids",4.3,🍎
P140,7UP Lime Soda 750ml,Drinks,Soda,45,"drinks,soda,lime",4.2,7️⃣
P141,Haldiram Sev 200g,Snacks,Namkeen,40,"snack,sev,spicy",4.4,🌿
P142,Bikaji Boondi 500g,Snacks,Namkeen,70,"snack,boondi,namkeen",4.3,🔮
P143,Lays Spanish Tomato Tango,Snacks,Chips,20,"snack,chips,tomato",4.4,💃
P144,Doritos Nacho Cheese,Snacks,Chips,70,"snack,chips,cheese,premium",4.3,🔺
P145,Fortune Chakki Fresh Atta 10kg,Grains,Flour,470,"grains,atta,wheat,daily",4.5,⚙️
P146,Saffola Masala Oats,Grains,Oats,170,"grains,oats,masala,healthy",4.3,🥗
P147,MDH Biryani Masala,Spices,Masala,75,"spices,masala,biryani",4.7,🍛
P148,Everest Sabji Masala,Spices,Masala,55,"spices,masala,sabji,daily",4.5,🥬
P149,Pears Transparent Soap,Personal Care,Soap,65,"personal,soap,gentle,kids",4.5,🫧
P150,Garnier Micellar Water,Personal Care,Skincare,280,"personal,skincare,face wash,women",4.4,💎
