user_id,product_id,rating
U001,P098,3.6
U001,P275,2.1
U001,P200,3.9
U001,P043,1.7
U001,P034,3.8
U001,P056,1.8
U001,P197,3.9
U001,P136,4.5
U001,P449,2.4
U001,P084,2.4
U001,P032,3.8
U001,P414,3.9
U001,P140,3.8
U001,P183,4.5
U001,P126,4.4
U001,P378,3.8
U001,P314,4.6
U001,P232,1.9
U001,P364,4.1
U001,P033,5.0
U001,P209,4.5
U001,P456,2.9
U001,P179,3.2
U001,P192,4.8
U001,P027,4.7
U001,P491,3.8
U001,P182,3.5
U001,P094,4.0
U001,P409,3.9
U001,P390,2.0
U001,P461,4.9
U001,P463,3.7
U001,P040,4.0
U001,P363,4.5
U001,P208,4.1
U001,P022,4.9
U001,P267,2.6
U001,P194,3.9
U001,P029,3.9
U001,P097,4.3
U001,P399,2.2
U001,P353,4.4
U001,P061,3.7
U001,P028,4.1
U001,P181,3.8
U001,P093,5.0
U001,P435,2.8
U001,P195,3.6
U001,P186,3.6
U001,P476,3.7
U001,P188,4.4
U001,P332,3.5
U001,P193,4.1
U002,P388,3.7
U002,P443,4.0
U002,P011,5.0
U002,P251,4.7
U002,P151,2.1
U002,P069,3.9
U002,P440,4.4
U002,P231,1.7
U002,P258,4.6
U002,P469,4.7
U002,P063,5.0
U002,P434,2.8
U002,P252,3.7
U002,P013,4.5
U002,P362,3.9
U002,P378,1.9
U002,P123,2.8
U002,P180,4.4
U002,P114,4.9
U002,P425,4.9
U002,P054,4.6
U002,P347,4.5
U002,P282,3.3
U002,P391,2.5
U002,P246,4.5
U002,P384,4.1
U002,P010,3.7
U002,P001,2.6
U002,P342,3.9
U002,P119,3.6
U002,P239,3.5
U002,P389,4.3
U002,P396,4.4
U002,P109,1.5
U002,P070,4.6
U002,P353,1.6
U002,P429,1.7
U002,P464,3.5
U002,P423,4.0
U002,P446,4.3
U002,P131,3.9
U002,P490,4.2
U003,P095,4.1
U003,P404,4.9
U003,P098,5.0
U003,P311,4.3
U003,P200,4.6
U003,P036,3.7
U003,P034,3.9
U003,P197,5.0
U003,P115,2.9
U003,P492,4.3
U003,P068,3.4
U003,P500,3.6
U003,P126,4.4
U003,P315,4.3
U003,P367,4.8
U003,P290,1.9
U003,P329,3.9
U003,P122,3.6
U003,P030,3.8
U003,P364,4.4
U003,P420,4.5
U003,P033,3.9
U003,P179,1.8
U003,P008,3.7
U003,P192,3.9
U003,P027,4.4
U003,P153,3.0
U003,P201,4.1
U003,P002,3.0
U003,P359,4.3
U003,P094,4.9
U003,P228,2.0
U003,P361,4.6
U003,P365,3.9
U003,P206,4.1
U003,P461,4.5
U003,P308,3.9
U003,P462,4.0
U003,P208,4.6
U003,P345,1.7
U003,P038,4.2
U003,P194,5.0
U003,P360,5.0
U003,P287,1.7
U003,P165,2.0
U003,P281,2.2
U003,P392,3.8
U003,P116,3.7
U003,P366,4.8
U003,P187,4.1
U003,P276,1.9
U003,P406,4.8
U003,P499,4.6
U003,P195,4.4
U003,P186,5.0
U003,P096,4.5
U003,P476,3.5
U003,P343,3.5
U003,P051,2.2
U004,P417,1.6
U004,P168,4.0
U004,P098,3.8
U004,P074,5.0
U004,P468,3.6
U004,P251,4.0
U004,P151,4.5
U004,P469,4.5
U004,P039,2.4
U004,P393,4.3
U004,P080,4.8
U004,P414,3.9
U004,P068,4.6
U004,P272,4.9
U004,P025,2.1
U004,P166,3.7
U004,P064,4.7
U004,P170,3.8
U004,P169,4.1
U004,P152,3.8
U004,P012,4.9
U004,P001,4.7
U004,P273,4.1
U004,P171,4.5
U004,P249,4.6
U004,P117,2.1
U004,P304,1.9
U004,P335,3.3
U004,P389,4.1
U004,P163,3.6
U004,P014,4.2
U004,P106,2.0
U004,P059,3.8
U004,P133,4.0
U004,P116,3.6
U004,P070,4.8
U004,P435,2.1
U004,P277,4.5
U005,P275,4.0
U005,P268,4.8
U005,P388,3.3
U005,P127,4.0
U005,P235,4.0
U005,P349,2.5
U005,P395,4.1
U005,P469,2.2
U005,P242,3.7
U005,P136,4.1
U005,P296,3.9
U005,P252,3.2
U005,P216,4.9
U005,P032,4.4
U005,P480,2.3
U005,P474,2.9
U005,P189,3.5
U005,P312,3.9
U005,P126,4.1
U005,P272,4.4
U005,P076,4.5
U005,P185,4.2
U005,P030,4.2
U005,P203,3.8
U005,P352,4.2
U005,P170,3.8
U005,P421,4.7
U005,P111,1.9
U005,P128,3.6
U005,P207,4.3
U005,P384,4.4
U005,P493,4.0
U005,P365,4.7
U005,P048,4.6
U005,P462,4.5
U005,P021,3.8
U005,P438,2.0
U005,P389,1.6
U005,P038,3.9
U005,P194,4.2
U005,P267,4.8
U005,P360,3.6
U005,P345,2.5
U005,P161,3.1
U005,P416,3.8
U005,P412,4.5
U005,P050,4.2
U005,P028,3.9
U005,P375,3.1
U005,P018,1.5
U005,P238,4.6
U005,P470,3.4
U005,P476,3.7
U005,P079,4.1
U005,P333,1.9
U005,P193,4.9
U005,P344,2.8
U006,P404,4.0
U006,P190,4.3
U006,P253,1.8
U006,P443,2.1
U006,P321,4.5
U006,P101,4.6
U006,P436,3.6
U006,P252,2.5
U006,P254,2.9
U006,P458,4.1
U006,P487,3.8
U006,P477,2.6
U006,P301,4.9
U006,P312,3.0
U006,P205,4.5
U006,P279,4.8
U006,P295,4.6
U006,P085,4.1
U006,P180,1.5
U006,P333,4.0
U006,P282,4.6
U006,P391,3.6
U006,P426,4.9
U006,P284,4.1
U006,P461,4.6
U006,P239,2.9
U006,P287,4.4
U006,P324,3.8
U006,P337,3.8
U006,P178,2.6
U006,P070,1.6
U006,P233,4.0
U006,P280,4.5
U006,P281,4.1
U006,P082,3.7
U006,P259,2.7
U006,P439,3.7
U007,P095,2.7
U007,P346,3.9
U007,P017,4.1
U007,P069,4.4
U007,P254,4.9
U007,P115,4.6
U007,P480,3.4
U007,P019,3.7
U007,P013,4.0
U007,P026,2.9
U007,P176,4.9
U007,P140,4.4
U007,P113,4.9
U007,P471,2.4
U007,P139,4.9
U007,P448,2.0
U007,P237,4.4
U007,P192,3.6
U007,P170,3.9
U007,P169,4.5
U007,P408,2.3
U007,P383,4.5
U007,P152,3.5
U007,P333,3.5
U007,P347,4.3
U007,P188,1.6
U007,P240,4.3
U007,P089,3.2
U007,P021,1.7
U007,P389,4.5
U007,P398,3.5
U007,P386,4.1
U007,P062,4.2
U007,P345,4.2
U007,P116,4.0
U007,P396,4.8
U007,P424,4.2
U007,P109,1.9
U007,P161,1.9
U007,P142,4.3
U007,P144,4.5
U007,P464,4.4
U007,P465,4.9
U007,P496,4.7
U007,P053,4.2
U007,P031,3.6
U007,P051,4.4
U007,P445,4.0
U008,P168,3.0
U008,P311,4.2
U008,P157,2.8
U008,P204,4.1
U008,P200,4.6
U008,P395,4.0
U008,P403,4.6
U008,P184,3.9
U008,P068,2.1
U008,P289,1.8
U008,P312,3.8
U008,P315,3.7
U008,P232,2.8
U008,P340,3.4
U008,P472,2.0
U008,P209,3.8
U008,P192,4.2
U008,P326,3.3
U008,P348,3.9
U008,P485,2.8
U008,P491,3.9
U008,P023,3.7
U008,P409,3.8
U008,P479,3.8
U008,P308,3.8
U008,P092,3.5
U008,P208,4.3
U008,P360,3.9
U008,P121,5.0
U008,P199,4.3
U008,P353,4.5
U008,P028,3.7
U008,P422,4.8
U008,P499,4.2
U008,P238,3.7
U008,P186,4.4
U008,P411,4.2
U008,P009,2.6
U009,P129,3.7
U009,P100,4.1
U009,P034,4.5
U009,P395,4.2
U009,P460,1.6
U009,P214,3.9
U009,P216,3.9
U009,P039,4.8
U009,P037,3.6
U009,P362,3.9
U009,P071,2.2
U009,P410,4.7
U009,P166,3.0
U009,P179,3.5
U009,P210,3.8
U009,P152,1.8
U009,P201,3.8
U009,P111,1.9
U009,P407,3.9
U009,P365,3.7
U009,P119,1.6
U009,P358,4.7
U009,P484,3.0
U009,P092,4.7
U009,P217,4.9
U009,P062,2.6
U009,P121,4.2
U009,P059,2.3
U009,P399,2.5
U009,P412,3.9
U009,P353,4.3
U009,P028,4.2
U009,P377,4.4
U009,P422,4.8
U009,P195,4.6
U009,P150,3.0
U009,P476,3.5
U009,P215,3.8
U010,P310,4.3
U010,P419,4.9
U010,P127,4.2
U010,P323,3.2
U010,P145,3.7
U010,P428,5.0
U010,P460,3.0
U010,P136,3.9
U010,P458,1.9
U010,P032,4.3
U010,P482,2.9
U010,P393,1.7
U010,P184,5.0
U010,P414,4.9
U010,P189,4.2
U010,P309,3.7
U010,P367,4.7
U010,P314,4.2
U010,P379,3.3
U010,P410,4.3
U010,P025,3.9
U010,P293,3.6
U010,P123,5.0
U010,P138,2.1
U010,P209,4.3
U010,P307,4.1
U010,P180,3.8
U010,P408,4.3
U010,P047,3.7
U010,P421,4.8
U010,P333,2.2
U010,P182,4.7
U010,P094,4.1
U010,P426,4.9
U010,P479,4.3
U010,P361,4.7
U010,P001,2.2
U010,P381,2.2
U010,P206,4.4
U010,P405,5.0
U010,P048,2.7
U010,P369,1.9
U010,P208,4.3
U010,P354,4.0
U010,P267,2.9
U010,P360,4.3
U010,P097,4.2
U010,P366,4.0
U010,P148,2.0
U010,P353,4.5
U010,P196,4.4
U010,P377,3.9
U010,P499,4.7
U010,P035,3.6
U010,P411,4.6
U010,P031,4.6
U011,P102,3.8
U011,P253,3.6
U011,P020,4.7
U011,P067,3.9
U011,P473,4.1
U011,P101,1.9
U011,P346,4.3
U011,P385,4.3
U011,P056,4.7
U011,P063,3.8
U011,P086,1.7
U011,P441,4.8
U011,P039,3.0
U011,P403,2.1
U011,P245,4.9
U011,P224,1.9
U011,P474,4.2
U011,P189,2.1
U011,P371,3.9
U011,P299,1.5
U011,P293,3.5
U011,P004,4.9
U011,P139,4.5
U011,P237,3.7
U011,P179,4.2
U011,P408,2.4
U011,P010,4.4
U011,P384,4.5
U011,P390,4.1
U011,P175,3.9
U011,P249,4.8
U011,P164,3.8
U011,P267,4.1
U011,P396,4.2
U011,P097,2.1
U011,P220,2.9
U011,P070,4.4
U011,P269,5.0
U011,P261,3.9
U011,P159,5.0
U011,P162,4.5
U011,P433,2.2
U011,P481,2.9
U011,P051,4.5
U011,P372,4.6
U012,P135,1.9
U012,P069,3.9
U012,P086,4.8
U012,P197,4.6
U012,P214,5.0
U012,P458,5.0
U012,P449,4.7
U012,P045,4.0
U012,P084,4.7
U012,P160,1.5
U012,P252,2.8
U012,P441,2.6
U012,P483,4.5
U012,P451,4.5
U012,P264,3.0
U012,P336,4.7
U012,P118,3.9
U012,P378,3.7
U012,P437,3.9
U012,P293,3.5
U012,P329,4.8
U012,P244,2.9
U012,P314,3.8
U012,P203,3.8
U012,P141,1.7
U012,P408,4.7
U012,P457,4.9
U012,P182,4.0
U012,P347,2.5
U012,P099,1.8
U012,P278,4.9
U012,P207,4.0
U012,P459,4.2
U012,P426,3.6
U012,P467,3.7
U012,P407,3.7
U012,P339,4.2
U012,P217,4.5
U012,P029,4.6
U012,P402,4.9
U012,P044,4.1
U012,P424,3.4
U012,P109,3.7
U012,P399,4.1
U012,P199,3.6
U012,P031,4.2
U012,P150,4.1
U012,P433,4.9
U012,P188,3.5
U012,P496,2.4
U012,P380,4.2
U012,P439,4.9
U012,P372,3.6
U013,P310,4.0
U013,P190,3.8
U013,P036,3.6
U013,P200,4.6
U013,P395,4.3
U013,P197,4.6
U013,P214,4.2
U013,P120,3.4
U013,P441,2.8
U013,P026,3.7
U013,P126,4.3
U013,P309,4.9
U013,P122,3.6
U013,P123,4.7
U013,P033,4.8
U013,P191,4.3
U013,P087,2.6
U013,P172,3.9
U013,P008,1.7
U013,P192,4.2
U013,P128,4.1
U013,P094,4.5
U013,P316,4.2
U013,P356,4.9
U013,P365,3.6
U013,P461,3.6
U013,P484,3.0
U013,P088,1.7
U013,P021,3.9
U013,P014,3.1
U013,P208,4.3
U013,P038,4.0
U013,P165,4.0
U013,P392,2.8
U013,P077,2.6
U013,P265,3.0
U013,P357,3.6
U013,P105,3.3
U013,P186,4.8
U013,P401,4.5
U013,P193,4.7
U014,P468,3.7
U014,P257,4.3
U014,P478,1.9
U014,P251,4.2
U014,P174,4.8
U014,P440,4.0
U014,P258,4.3
U014,P374,3.7
U014,P242,3.9
U014,P213,2.1
U014,P120,4.1
U014,P019,4.3
U014,P301,3.4
U014,P037,3.1
U014,P176,4.5
U014,P376,4.3
U014,P272,3.0
U014,P143,4.5
U014,P466,4.5
U014,P420,1.6
U014,P234,2.2
U014,P307,3.4
U014,P052,4.9
U014,P383,4.0
U014,P057,3.8
U014,P481,1.9
U014,P407,3.1
U014,P171,3.6
U014,P430,3.4
U014,P373,5.0
U014,P345,3.6
U014,P386,4.3
U014,P398,4.1
U014,P236,4.2
U014,P271,1.9
U014,P396,4.0
U014,P225,2.3
U014,P018,4.9
U014,P093,3.0
U014,P446,4.8
U014,P065,3.7
U014,P053,4.6
U014,P051,3.6
U014,P344,3.6
U015,P419,4.9
U015,P388,4.8
U015,P465,4.4
U015,P311,4.4
U015,P212,4.6
U015,P257,4.1
U015,P330,1.8
U015,P151,1.6
U015,P034,4.0
U015,P041,3.5
U015,P262,3.0
U015,P099,4.7
U015,P449,3.8
U015,P441,3.6
U015,P458,3.6
U015,P039,3.9
U015,P049,3.0
U015,P183,4.3
U015,P289,2.5
U015,P378,4.0
U015,P185,4.0
U015,P203,4.0
U015,P348,3.8
U015,P356,4.3
U015,P273,1.8
U015,P117,4.3
U015,P300,3.8
U015,P462,4.0
U015,P014,4.6
U015,P112,4.7
U015,P283,3.5
U015,P121,3.9
U015,P097,3.7
U015,P424,3.8
U015,P366,4.4
U015,P144,4.6
U015,P177,4.5
U015,P181,3.8
U015,P238,4.7
U015,P005,2.7
U015,P433,3.4
U015,P218,4.6
U015,P489,2.6
U015,P244,4.9
U015,P247,4.3
U016,P146,4.9
U016,P322,3.3
U016,P218,3.6
U016,P313,4.9
U016,P039,4.4
U016,P184,3.8
U016,P309,4.4
U016,P030,4.3
U016,P234,4.9
U016,P260,2.6
U016,P064,3.5
U016,P326,3.6
U016,P400,5.0
U016,P182,3.6
U016,P288,3.1
U016,P488,1.6
U016,P409,4.6
U016,P479,5.0
U016,P175,2.8
U016,P331,3.0
U016,P300,2.4
U016,P040,4.9
U016,P217,4.1
U016,P038,4.7
U016,P453,3.2
U016,P450,1.6
U016,P271,4.4
U016,P220,4.0
U016,P225,4.0
U016,P199,4.3
U016,P195,4.1
U016,P035,3.9
U016,P223,4.8
U016,P131,4.9
U017,P155,1.9
U017,P313,2.2
U017,P204,4.7
U017,P270,4.3
U017,P214,4.3
U017,P221,4.6
U017,P166,2.8
U017,P209,4.5
U017,P042,4.8
U017,P172,3.0
U017,P054,4.4
U017,P274,3.7
U017,P415,3.8
U017,P297,3.2
U017,P010,3.1
U017,P057,4.9
U017,P461,4.6
U017,P398,1.6
U017,P494,4.0
U017,P217,4.6
U017,P418,5.0
U017,P324,3.0
U017,P402,4.6
U017,P044,4.7
U017,P121,2.1
U017,P399,3.9
U017,P225,4.9
U017,P499,4.7
U017,P233,4.9
U017,P382,3.8
U017,P149,3.2
U017,P053,4.4
U018,P137,3.9
U018,P091,3.6
U018,P268,4.3
U018,P443,4.6
U018,P266,4.3
U018,P074,3.7
U018,P322,2.2
U018,P063,4.0
U018,P262,3.6
U018,P434,2.5
U018,P216,4.7
U018,P487,2.6
U018,P173,3.7
U018,P455,3.8
U018,P184,4.4
U018,P037,3.5
U018,P293,2.8
U018,P185,3.9
U018,P025,3.7
U018,P024,4.1
U018,P191,4.4
U018,P234,3.9
U018,P328,2.5
U018,P210,4.5
U018,P052,3.6
U018,P457,3.9
U018,P108,1.7
U018,P421,2.8
U018,P111,4.3
U018,P347,5.0
U018,P002,2.9
U018,P010,2.5
U018,P384,4.2
U018,P057,4.5
U018,P273,5.0
U018,P479,2.1
U018,P249,3.5
U018,P345,4.7
U018,P038,4.0
U018,P453,3.3
U018,P418,4.4
U018,P106,3.4
U018,P116,4.6
U018,P281,2.3
U018,P424,3.6
U018,P199,4.3
U018,P413,4.7
U018,P261,3.8
U018,P061,4.7
U018,P377,4.2
U018,P470,4.5
U018,P005,3.1
U018,P401,4.7
U018,P053,3.6
U019,P417,4.9
U019,P253,2.3
U019,P146,3.8
U019,P313,4.5
U019,P436,2.4
U019,P254,3.5
U019,P032,3.9
U019,P184,3.6
U019,P315,4.1
U019,P379,4.1
U019,P226,5.0
U019,P185,3.8
U019,P030,3.9
U019,P033,3.7
U019,P179,2.3
U019,P491,3.9
U019,P391,4.2
U019,P459,3.3
U019,P426,3.7
U019,P390,2.6
U019,P171,2.6
U019,P206,4.6
U019,P463,3.8
U019,P405,4.4
U019,P092,4.2
U019,P125,4.5
U019,P418,4.7
U019,P236,3.6
U019,P161,3.2
U019,P399,4.1
U019,P031,4.3
U019,P196,4.6
U019,P079,3.7
U019,P082,1.6
U019,P142,3.6
U019,P244,4.5
U020,P129,3.8
U020,P268,4.4
U020,P101,3.2
U020,P151,5.0
U020,P231,2.0
U020,P017,3.7
U020,P498,1.7
U020,P270,3.8
U020,P427,4.6
U020,P216,5.0
U020,P176,4.7
U020,P183,5.0
U020,P272,5.0
U020,P314,4.5
U020,P295,3.3
U020,P307,4.3
U020,P456,2.2
U020,P381,2.2
U020,P479,3.7
U020,P273,4.6
U020,P230,3.3
U020,P040,3.8
U020,P369,4.0
U020,P014,3.8
U020,P121,5.0
U020,P338,3.5
U020,P198,3.9
U020,P325,2.7
U020,P343,2.4
U020,P476,4.4
U020,P079,4.2
U020,P372,5.0
U021,P129,3.6
U021,P102,3.5
U021,P241,1.6
U021,P268,3.1
U021,P253,2.9
U021,P285,4.5
U021,P229,4.7
U021,P212,4.1
U021,P322,4.5
U021,P468,2.7
U021,P313,3.1
U021,P043,3.9
U021,P318,3.9
U021,P258,2.7
U021,P083,4.7
U021,P090,4.5
U021,P084,3.9
U021,P449,3.6
U021,P107,3.6
U021,P115,2.6
U021,P039,4.2
U021,P480,3.8
U021,P452,4.4
U021,P173,2.3
U021,P037,4.6
U021,P483,4.6
U021,P078,3.7
U021,P138,3.9
U021,P071,1.8
U021,P306,2.4
U021,P103,4.3
U021,P203,4.0
U021,P328,4.2
U021,P234,3.9
U021,P205,3.9
U021,P139,1.7
U021,P298,3.9
U021,P408,4.1
U021,P052,3.0
U021,P201,3.9
U021,P158,3.7
U021,P288,3.7
U021,P488,4.0
U021,P381,4.4
U021,P426,4.0
U021,P459,4.6
U021,P294,4.2
U021,P300,4.3
U021,P331,4.2
U021,P484,4.0
U021,P418,3.5
U021,P225,4.9
U021,P035,4.3
U021,P382,5.0
U021,P476,2.0
U021,P281,4.0
U021,P082,3.6
U021,P228,4.2
U022,P330,4.3
U022,P101,4.3
U022,P174,1.6
U022,P086,3.7
U022,P458,4.0
U022,P441,2.7
U022,P080,4.2
U022,P305,4.4
U022,P058,4.3
U022,P362,2.3
U022,P172,3.0
U022,P047,3.7
U022,P467,4.0
U022,P303,4.6
U022,P334,3.9
U022,P339,4.0
U022,P350,3.6
U022,P106,4.3
U022,P165,3.3
U022,P338,3.9
U022,P044,4.7
U022,P121,2.4
U022,P097,3.2
U022,P109,5.0
U022,P265,4.4
U022,P202,4.7
U022,P412,4.6
U022,P261,4.5
U022,P238,3.5
U022,P401,4.2
U023,P129,4.2
U023,P190,4.3
U023,P200,4.3
U023,P036,4.5
U023,P385,3.7
U023,P099,4.5
U023,P242,3.5
U023,P492,3.9
U023,P126,4.2
U023,P025,4.9
U023,P485,2.2
U023,P274,2.2
U023,P248,3.9
U023,P128,5.0
U023,P381,3.4
U023,P426,4.6
U023,P361,4.5
U023,P407,4.2
U023,P119,2.7
U023,P405,4.3
U023,P363,4.9
U023,P341,3.3
U023,P029,3.9
U023,P418,2.9
U023,P353,4.3
U023,P413,4.8
U023,P181,4.1
U023,P368,4.0
U023,P186,4.7
U023,P150,1.9
U023,P218,3.6
U024,P310,2.8
U024,P275,4.8
U024,P190,3.7
U024,P020,2.8
U024,P229,3.9
U024,P497,4.7
U024,P036,4.0
U024,P043,4.6
U024,P056,4.5
U024,P034,4.6
U024,P262,3.5
U024,P460,2.3
U024,P136,3.9
U024,P480,3.2
U024,P245,3.8
U024,P184,4.4
U024,P019,3.1
U024,P046,4.1
U024,P371,2.6
U024,P379,4.0
U024,P143,2.5
U024,P071,3.6
U024,P033,5.0
U024,P352,2.7
U024,P209,4.9
U024,P448,1.5
U024,P408,4.1
U024,P152,2.6
U024,P491,3.9
U024,P182,4.0
U024,P400,4.4
U024,P147,4.4
U024,P207,3.9
U024,P384,4.0
U024,P407,3.9
U024,P493,4.5
U024,P461,4.2
U024,P342,1.9
U024,P230,4.5
U024,P284,3.8
U024,P048,4.8
U024,P022,4.7
U024,P194,4.5
U024,P287,3.1
U024,P418,4.9
U024,P291,2.4
U024,P187,3.8
U024,P276,4.9
U024,P261,4.2
U024,P105,2.6
U024,P422,4.0
U024,P198,4.1
U024,P238,4.6
U024,P382,4.9
U024,P005,3.4
U024,P186,4.7
U024,P277,4.7
U024,P411,4.6
U024,P142,3.2
U025,P321,4.0
U025,P146,3.6
U025,P330,5.0
U025,P473,3.8
U025,P036,3.6
U025,P145,4.9
U025,P270,1.6
U025,P084,4.1
U025,P296,4.7
U025,P216,4.6
U025,P482,5.0
U025,P049,4.5
U025,P327,4.1
U025,P301,5.0
U025,P068,2.5
U025,P362,3.7
U025,P376,3.8
U025,P299,4.1
U025,P410,3.2
U025,P243,3.2
U025,P103,4.3
U025,P295,4.5
U025,P279,4.0
U025,P054,1.9
U025,P408,4.3
U025,P169,2.8
U025,P415,4.6
U025,P421,2.1
U025,P012,1.5
U025,P002,1.6
U025,P282,3.9
U025,P207,4.5
U025,P303,4.3
U025,P040,4.3
U025,P418,4.7
U025,P291,3.9
U025,P044,4.0
U025,P060,2.2
U025,P050,4.9
U025,P325,4.6
U025,P035,3.7
U025,P280,4.7
U025,P089,4.1
U025,P372,3.4
U026,P419,3.9
U026,P155,4.9
U026,P266,4.5
U026,P469,4.7
U026,P045,2.3
U026,P130,2.5
U026,P173,3.7
U026,P013,4.1
U026,P176,4.6
U026,P500,2.7
U026,P076,4.8
U026,P420,2.3
U026,P180,4.6
U026,P052,3.5
U026,P457,3.8
U026,P012,4.3
U026,P066,5.0
U026,P158,4.3
U026,P246,3.7
U026,P175,3.9
U026,P369,3.8
U026,P223,3.1
U026,P392,4.9
U026,P161,4.8
U026,P077,3.6
U026,P276,4.6
U026,P269,3.8
U026,P018,3.9
U026,P154,4.5
U026,P015,4.4
U026,P159,4.8
U026,P368,2.0
U026,P465,4.6
U026,P333,3.3
U026,P439,2.9
U026,P009,4.2
U027,P241,4.6
U027,P145,4.0
U027,P385,3.8
U027,P477,4.0
U027,P227,3.6
U027,P492,4.8
U027,P224,4.6
U027,P183,3.5
U027,P378,4.3
U027,P314,4.4
U027,P290,3.3
U027,P437,2.2
U027,P122,3.8
U027,P123,3.8
U027,P139,2.9
U027,P279,2.1
U027,P490,2.9
U027,P169,3.9
U027,P457,2.3
U027,P274,4.6
U027,P066,2.7
U027,P359,4.6
U027,P278,3.3
U027,P206,4.2
U027,P286,3.3
U027,P202,4.0
U027,P187,3.7
U027,P357,4.3
U027,P261,3.8
U027,P196,4.8
U027,P093,5.0
U027,P375,3.9
U027,P368,4.3
U027,P079,4.8
U027,P380,3.6
U027,P051,4.7
U028,P129,4.3
U028,P285,4.0
U028,P036,3.8
U028,P385,3.2
U028,P034,4.8
U028,P428,4.5
U028,P197,4.8
U028,P107,3.4
U028,P167,1.7
U028,P173,2.4
U028,P263,2.9
U028,P414,3.6
U028,P140,1.5
U028,P289,1.9
U028,P126,4.2
U028,P025,4.2
U028,P024,4.7
U028,P033,4.3
U028,P205,4.8
U028,P180,1.7
U028,P408,4.3
U028,P457,1.6
U028,P421,3.8
U028,P023,4.8
U028,P359,4.8
U028,P320,4.2
U028,P409,3.6
U028,P361,3.6
U028,P273,3.8
U028,P405,4.8
U028,P211,4.3
U028,P208,3.5
U028,P022,4.9
U028,P038,4.0
U028,P402,4.9
U028,P366,4.4
U028,P413,4.6
U028,P061,3.3
U028,P093,4.1
U028,P476,3.6
U028,P401,3.7
U028,P332,2.1
U028,P193,4.8
U029,P404,3.6
U029,P091,4.9
U029,P285,4.2
U029,P101,4.6
U029,P323,3.7
U029,P313,3.6
U029,P145,4.1
U029,P036,4.3
U029,P473,2.8
U029,P447,3.7
U029,P374,1.7
U029,P487,4.3
U029,P058,3.0
U029,P140,3.5
U029,P328,4.8
U029,P352,3.5
U029,P222,4.1
U029,P425,3.4
U029,P052,3.3
U029,P170,2.9
U029,P297,5.0
U029,P320,3.9
U029,P094,4.3
U029,P361,4.5
U029,P175,1.9
U029,P230,3.9
U029,P088,3.9
U029,P048,3.7
U029,P338,3.8
U029,P402,3.9
U029,P220,3.9
U029,P199,4.7
U029,P070,2.4
U029,P177,3.9
U029,P435,4.6
U029,P446,2.7
U029,P159,3.0
U029,P411,4.2
U029,P089,3.7
U029,P354,3.5
U030,P137,3.3
U030,P473,3.5
U030,P034,3.6
U030,P056,5.0
U030,P100,2.7
U030,P227,4.1
U030,P451,4.3
U030,P336,4.9
U030,P289,4.5
U030,P376,2.9
U030,P370,3.5
U030,P205,4.0
U030,P210,4.8
U030,P248,2.8
U030,P282,4.5
U030,P278,3.6
U030,P467,3.4
U030,P316,3.1
U030,P284,4.0
U030,P334,4.5
U030,P304,3.6
U030,P495,4.0
U030,P089,4.5
U030,P405,4.1
U030,P438,4.6
U030,P286,4.9
U030,P389,2.6
U030,P267,3.5
U030,P418,3.9
U030,P281,4.3
U030,P271,4.3
U030,P133,3.0
U030,P156,2.9
U030,P261,4.2
U030,P406,4.1
U030,P325,4.7
U030,P110,4.4
U030,P499,4.3
U030,P195,4.0
U030,P096,1.6
U030,P401,3.7
U030,P193,4.1
U031,P095,4.4
U031,P404,4.7
U031,P137,2.8
U031,P098,4.0
U031,P190,3.8
U031,P091,3.7
U031,P127,4.5
U031,P443,2.7
U031,P146,4.9
U031,P218,4.0
U031,P204,4.1
U031,P100,4.1
U031,P395,3.7
U031,P469,2.4
U031,P197,4.2
U031,P214,3.8
U031,P032,4.5
U031,P482,3.5
U031,P327,3.8
U031,P301,3.0
U031,P026,4.5
U031,P224,2.3
U031,P189,3.9
U031,P312,3.7
U031,P314,4.1
U031,P143,1.9
U031,P410,4.1
U031,P306,4.4
U031,P122,4.4
U031,P420,4.1
U031,P209,4.2
U031,P192,4.3
U031,P153,3.8
U031,P408,4.9
U031,P491,3.8
U031,P094,3.8
U031,P303,2.2
U031,P319,3.8
U031,P284,3.6
U031,P358,4.4
U031,P208,4.8
U031,P217,4.9
U031,P038,4.2
U031,P281,2.0
U031,P003,2.5
U031,P412,4.3
U031,P406,4.5
U031,P454,2.5
U031,P422,4.2
U031,P093,4.6
U031,P499,4.2
U031,P015,1.9
U031,P368,4.3
U031,P149,3.5
U031,P401,3.8
U031,P053,1.6
U032,P321,4.7
U032,P017,3.0
U032,P436,4.0
U032,P447,4.6
U032,P296,4.4
U032,P449,3.7
U032,P480,3.7
U032,P452,3.8
U032,P049,3.8
U032,P327,3.6
U032,P305,4.0
U032,P451,3.9
U032,P482,4.3
U032,P104,4.0
U032,P232,4.6
U032,P179,2.2
U032,P192,3.9
U032,P075,3.6
U032,P111,4.0
U032,P278,4.5
U032,P426,3.6
U032,P390,3.9
U032,P319,3.5
U032,P304,4.9
U032,P239,4.0
U032,P217,4.8
U032,P292,3.7
U032,P450,4.8
U032,P283,3.9
U032,P165,3.3
U032,P396,3.6
U032,P265,3.4
U032,P050,4.5
U032,P031,4.2
U032,P093,2.9
U032,P325,3.9
U032,P149,4.1
U032,P439,4.2
U032,P247,3.1
U033,P137,4.8
U033,P310,2.3
U033,P241,4.8
U033,P098,3.7
U033,P011,3.6
U033,P017,4.0
U033,P351,3.6
U033,P034,3.2
U033,P258,4.5
U033,P242,3.6
U033,P254,4.4
U033,P115,4.6
U033,P068,4.6
U033,P376,4.1
U033,P243,3.6
U033,P139,3.6
U033,P179,3.8
U033,P064,3.6
U033,P153,3.0
U033,P326,2.8
U033,P383,4.2
U033,P491,1.5
U033,P347,4.0
U033,P081,1.8
U033,P094,3.7
U033,P057,4.5
U033,P316,2.7
U033,P001,2.1
U033,P171,3.6
U033,P117,4.7
U033,P350,3.7
U033,P397,4.1
U033,P341,3.9
U033,P386,4.1
U033,P450,3.5
U033,P121,3.7
U033,P324,3.1
U033,P178,4.5
U033,P396,3.6
U033,P464,4.3
U033,P423,4.4
U033,P442,3.7
U033,P244,4.0
U033,P009,2.0
U033,P445,4.6
U033,P344,4.9
U034,P404,4.7
U034,P098,4.1
U034,P465,4.1
U034,P311,4.5
U034,P219,2.8
U034,P497,1.9
U034,P231,1.7
U034,P056,1.7
U034,P270,4.9
U034,P469,5.0
U034,P262,3.7
U034,P045,2.3
U034,P197,4.4
U034,P436,3.4
U034,P458,3.1
U034,P477,4.5
U034,P037,4.0
U034,P078,4.2
U034,P058,3.9
U034,P140,3.9
U034,P183,3.9
U034,P309,4.9
U034,P122,3.7
U034,P340,3.0
U034,P420,3.6
U034,P307,4.5
U034,P179,4.5
U034,P064,3.8
U034,P210,3.5
U034,P237,1.8
U034,P007,3.5
U034,P152,4.2
U034,P201,4.0
U034,P415,2.8
U034,P182,4.7
U034,P297,2.1
U034,P207,4.1
U034,P094,4.6
U034,P426,4.8
U034,P361,4.6
U034,P493,1.8
U034,P331,3.7
U034,P308,4.0
U034,P339,2.6
U034,P014,4.3
U034,P217,3.9
U034,P267,5.0
U034,P072,4.4
U034,P178,4.2
U034,P059,2.8
U034,P161,3.6
U034,P044,3.6
U034,P357,3.8
U034,P028,3.7
U034,P406,4.7
U034,P218,4.8
U034,P411,4.5
U034,P051,1.8
U035,P129,3.5
U035,P168,2.9
U035,P127,4.5
U035,P330,3.2
U035,P231,1.5
U035,P204,4.0
U035,P200,4.6
U035,P318,4.1
U035,P034,4.6
U035,P145,4.0
U035,P270,2.0
U035,P349,4.0
U035,P099,4.1
U035,P197,4.9
U035,P458,3.9
U035,P130,3.7
U035,P032,3.9
U035,P026,3.6
U035,P492,3.8
U035,P362,4.8
U035,P183,4.1
U035,P189,4.8
U035,P030,4.2
U035,P306,4.6
U035,P024,4.4
U035,P364,4.3
U035,P004,3.1
U035,P307,4.1
U035,P237,3.0
U035,P169,1.7
U035,P108,3.2
U035,P201,3.7
U035,P207,3.9
U035,P320,4.8
U035,P407,4.9
U035,P334,2.5
U035,P405,4.7
U035,P358,4.0
U035,P040,4.2
U035,P363,3.9
U035,P208,4.9
U035,P029,3.7
U035,P355,4.7
U035,P121,3.7
U035,P291,1.8
U035,P396,2.6
U035,P366,4.0
U035,P413,3.7
U035,P144,2.4
U035,P195,4.7
U035,P368,4.2
U035,P005,2.7
U035,P476,4.8
U035,P423,1.7
U035,P442,3.5
U035,P142,2.3
U035,P354,4.6
U036,P137,4.1
U036,P155,4.1
U036,P475,4.0
U036,P268,4.9
U036,P127,2.2
U036,P074,4.2
U036,P067,3.7
U036,P011,4.4
U036,P251,4.4
U036,P174,4.5
U036,P351,2.7
U036,P036,3.7
U036,P480,2.7
U036,P173,3.6
U036,P013,4.1
U036,P184,2.5
U036,P078,4.5
U036,P046,3.5
U036,P336,2.1
U036,P140,5.0
U036,P317,2.9
U036,P143,3.5
U036,P076,4.1
U036,P004,4.6
U036,P103,2.7
U036,P042,3.5
U036,P255,4.0
U036,P064,4.3
U036,P008,4.0
U036,P179,3.9
U036,P054,1.6
U036,P010,4.4
U036,P246,3.5
U036,P175,4.7
U036,P016,3.9
U036,P342,3.5
U036,P284,2.7
U036,P430,2.4
U036,P088,3.0
U036,P373,3.8
U036,P267,3.7
U036,P072,3.9
U036,P165,3.9
U036,P106,2.8
U036,P392,4.7
U036,P396,4.6
U036,P003,4.6
U036,P265,4.9
U036,P269,4.4
U036,P144,5.0
U036,P377,2.5
U036,P375,4.9
U036,P162,5.0
U036,P065,3.8
U036,P370,3.9
U036,P247,4.0
U037,P102,4.0
U037,P475,3.2
U037,P127,4.7
U037,P311,4.1
U037,P146,4.6
U037,P497,3.9
U037,P257,1.9
U037,P200,3.5
U037,P318,4.6
U037,P436,4.4
U037,P460,4.8
U037,P428,4.7
U037,P160,2.9
U037,P107,3.8
U037,P216,4.0
U037,P032,4.7
U037,P049,4.4
U037,P474,3.1
U037,P315,3.7
U037,P071,2.7
U037,P244,2.3
U037,P326,3.6
U037,P075,2.4
U037,P081,4.0
U037,P207,4.5
U037,P384,3.9
U037,P320,4.7
U037,P481,4.5
U037,P493,4.6
U037,P304,4.0
U037,P300,3.5
U037,P088,3.8
U037,P040,4.5
U037,P021,4.0
U037,P369,3.5
U037,P194,4.6
U037,P360,3.6
U037,P337,4.2
U037,P396,2.5
U037,P097,3.7
U037,P424,2.5
U037,P276,3.7
U037,P375,2.4
U037,P435,4.1
U037,P444,3.6
U037,P159,3.5
U037,P149,4.4
U037,P332,4.6
U037,P223,3.8
U037,P065,2.6
U037,P193,4.7
U037,P031,3.6
U038,P129,1.6
U038,P073,3.5
U038,P074,3.6
U038,P212,4.7
U038,P229,4.4
U038,P257,2.7
U038,P235,3.6
U038,P145,3.8
U038,P034,4.5
U038,P100,3.9
U038,P039,4.2
U038,P263,3.7
U038,P451,3.5
U038,P046,4.2
U038,P379,4.8
U038,P071,3.9
U038,P340,3.1
U038,P420,2.5
U038,P221,4.1
U038,P209,4.1
U038,P047,3.8
U038,P066,1.6
U038,P407,4.2
U038,P405,3.9
U038,P211,4.8
U038,P040,4.3
U038,P072,3.7
U038,P283,3.2
U038,P236,3.6
U038,P402,4.5
U038,P044,4.7
U038,P291,2.5
U038,P178,3.4
U038,P028,3.8
U038,P464,1.7
U038,P079,4.1
U038,P446,2.8
U038,P380,4.9
U039,P404,4.4
U039,P419,3.5
U039,P268,3.7
U039,P442,1.9
U039,P313,2.9
U039,P145,4.4
U039,P174,4.9
U039,P440,1.8
U039,P041,3.7
U039,P086,4.7
U039,P045,4.7
U039,P254,4.8
U039,P486,4.8
U039,P477,3.7
U039,P245,2.2
U039,P140,4.5
U039,P126,2.9
U039,P431,4.2
U039,P466,3.8
U039,P340,2.5
U039,P205,4.4
U039,P052,3.2
U039,P274,4.1
U039,P075,4.1
U039,P391,4.8
U039,P493,4.5
U039,P331,3.6
U039,P363,2.7
U039,P345,2.2
U039,P022,4.1
U039,P072,4.0
U039,P106,4.7
U039,P418,4.0
U039,P324,4.8
U039,P236,3.6
U039,P250,4.5
U039,P109,5.0
U039,P353,2.1
U039,P018,4.0
U039,P195,4.6
U039,P035,4.7
U039,P150,4.0
U039,P281,4.6
U039,P463,4.4
U039,P344,1.7
U040,P475,4.8
U040,P157,4.5
U040,P257,4.5
U040,P468,3.9
U040,P251,4.1
U040,P322,1.6
U040,P017,4.7
U040,P262,4.7
U040,P374,3.5
U040,P434,3.8
U040,P213,3.1
U040,P486,3.0
U040,P173,3.5
U040,P080,3.9
U040,P013,4.7
U040,P264,4.0
U040,P046,3.9
U040,P474,4.5
U040,P071,4.1
U040,P340,4.1
U040,P172,4.0
U040,P008,3.9
U040,P179,4.2
U040,P170,4.5
U040,P075,4.7
U040,P111,4.1
U040,P278,1.8
U040,P467,4.3
U040,P409,3.2
U040,P426,3.6
U040,P249,4.1
U040,P463,4.5
U040,P112,4.4
U040,P267,3.9
U040,P062,3.7
U040,P194,1.7
U040,P355,4.0
U040,P236,4.5
U040,P291,3.7
U040,P424,3.9
U040,P265,4.6
U040,P097,3.7
U040,P187,2.2
U040,P015,3.7
U040,P325,3.4
U040,P499,3.7
U040,P035,3.5
U040,P134,4.7
U040,P132,4.4
U040,P423,4.5
U040,P065,4.5
U040,P142,4.6
U040,P009,4.5
U041,P168,3.7
U041,P497,4.5
U041,P101,2.8
U041,P056,4.1
U041,P242,4.8
U041,P254,3.7
U041,P252,5.0
U041,P084,2.4
U041,P130,4.0
U041,P184,4.8
U041,P224,5.0
U041,P336,1.9
U041,P076,4.8
U041,P185,3.8
U041,P203,3.6
U041,P221,4.0
U041,P328,4.0
U041,P326,2.3
U041,P348,3.6
U041,P415,4.2
U041,P491,3.8
U041,P147,4.7
U041,P246,4.4
U041,P228,3.7
U041,P240,4.7
U041,P430,3.4
U041,P089,1.8
U041,P369,2.6
U041,P398,4.1
U041,P029,4.1
U041,P283,2.7
U041,P396,3.5
U041,P161,2.8
U041,P060,4.6
U041,P148,4.9
U041,P269,4.8
U041,P261,4.6
U041,P422,2.8
U041,P368,1.5
U041,P446,3.5
U041,P142,4.6
U041,P490,3.8
U042,P275,4.0
U042,P478,3.1
U042,P069,3.6
U042,P135,4.8
U042,P034,3.9
U042,P124,2.8
U042,P086,1.6
U042,P136,5.0
U042,P427,3.2
U042,P394,4.5
U042,P414,3.5
U042,P024,4.5
U042,P209,4.1
U042,P205,4.1
U042,P114,2.9
U042,P169,4.2
U042,P201,3.7
U042,P147,4.5
U042,P010,4.4
U042,P479,2.3
U042,P249,4.5
U042,P112,3.2
U042,P355,2.2
U042,P283,3.0
U042,P236,3.7
U042,P402,4.7
U042,P412,3.7
U042,P225,4.6
U042,P377,3.7
U042,P499,3.7
U042,P280,1.8
U042,P259,3.8
U042,P228,3.8
U043,P241,3.5
U043,P321,4.0
U043,P067,4.6
U043,P313,1.7
U043,P440,3.4
U043,P056,1.6
U043,P469,4.8
U043,P124,3.2
U043,P460,3.8
U043,P120,2.4
U043,P039,4.2
U043,P173,4.4
U043,P046,4.8
U043,P376,3.6
U043,P314,3.5
U043,P113,2.0
U043,P103,4.1
U043,P328,4.9
U043,P087,3.9
U043,P298,4.1
U043,P007,4.8
U043,P425,3.5
U043,P047,4.5
U043,P491,4.7
U043,P002,3.7
U043,P128,3.2
U043,P459,3.6
U043,P481,4.9
U043,P057,1.9
U043,P304,4.1
U043,P211,4.4
U043,P021,4.7
U043,P062,4.5
U043,P392,3.8
U043,P148,4.1
U043,P261,4.0
U043,P093,1.6
U043,P162,4.5
U043,P442,3.6
U043,P193,5.0
U043,P439,3.7
U044,P275,2.9
U044,P268,1.7
U044,P127,4.2
U044,P285,2.3
U044,P497,4.0
U044,P017,4.6
U044,P069,3.5
U044,P034,4.1
U044,P200,3.6
U044,P351,4.3
U044,P043,3.6
U044,P428,4.7
U044,P254,4.9
U044,P327,3.1
U044,P301,3.7
U044,P289,2.9
U044,P312,4.5
U044,P071,2.6
U044,P139,4.0
U044,P153,3.6
U044,P383,4.7
U044,P421,4.8
U044,P400,2.3
U044,P488,3.4
U044,P016,4.4
U044,P206,4.6
U044,P461,4.0
U044,P308,4.2
U044,P495,3.6
U044,P164,3.1
U044,P038,3.5
U044,P059,4.0
U044,P259,4.5
U044,P250,4.7
U044,P412,4.3
U044,P187,4.1
U044,P196,3.7
U044,P406,4.8
U044,P444,4.2
U044,P150,3.6
U044,P423,4.6
U044,P446,4.1
U044,P131,3.9
U044,P053,3.8
U045,P129,3.7
U045,P241,4.1
U045,P496,4.4
U045,P257,4.5
U045,P017,3.9
U045,P349,4.1
U045,P063,4.0
U045,P084,2.2
U045,P115,4.7
U045,P394,3.7
U045,P245,4.4
U045,P068,4.8
U045,P474,2.8
U045,P289,3.6
U045,P052,4.3
U045,P383,4.0
U045,P012,4.6
U045,P384,4.3
U045,P361,2.0
U045,P430,2.0
U045,P493,3.3
U045,P171,4.5
U045,P230,3.8
U045,P397,3.7
U045,P112,4.6
U045,P236,5.0
U045,P416,1.9
U045,P144,4.3
U045,P177,4.5
U045,P238,4.6
U045,P096,3.4
U045,P423,4.3
U045,P433,3.0
U045,P463,4.9
U045,P445,4.6
U045,P344,4.5
U046,P095,3.8
U046,P137,4.6
U046,P241,3.8
U046,P285,2.6
U046,P266,4.0
U046,P318,3.6
U046,P349,4.9
U046,P440,4.6
U046,P017,3.7
U046,P395,3.6
U046,P449,2.2
U046,P458,2.2
U046,P039,3.7
U046,P482,3.6
U046,P176,3.5
U046,P367,4.2
U046,P472,3.8
U046,P352,3.6
U046,P209,4.9
U046,P237,4.4
U046,P027,4.7
U046,P052,4.4
U046,P326,3.6
U046,P201,4.0
U046,P415,3.5
U046,P023,4.3
U046,P175,3.6
U046,P038,4.6
U046,P194,4.3
U046,P125,4.9
U046,P450,2.8
U046,P236,4.7
U046,P392,1.9
U046,P337,2.9
U046,P250,4.1
U046,P187,4.0
U046,P353,4.8
U046,P177,4.5
U046,P093,4.0
U046,P470,3.9
U046,P499,4.9
U046,P035,4.4
U046,P150,2.7
U046,P380,2.9
U046,P370,3.4
U046,P490,4.5
U047,P419,4.3
U047,P074,3.3
U047,P151,3.9
U047,P200,4.7
U047,P498,3.1
U047,P100,4.9
U047,P213,4.6
U047,P460,1.9
U047,P032,4.2
U047,P500,4.0
U047,P378,3.6
U047,P299,1.6
U047,P004,3.5
U047,P203,4.3
U047,P420,4.4
U047,P033,3.8
U047,P307,3.9
U047,P210,4.1
U047,P027,4.4
U047,P054,2.6
U047,P153,1.5
U047,P421,4.5
U047,P491,4.3
U047,P391,3.1
U047,P320,4.4
U047,P409,4.6
U047,P479,4.4
U047,P430,4.6
U047,P462,3.6
U047,P092,4.9
U047,P389,1.8
U047,P199,4.7
U047,P187,4.0
U047,P353,3.6
U047,P031,4.6
U047,P406,4.2
U047,P149,2.5
U047,P464,3.2
U047,P476,4.2
U047,P489,2.8
U047,P354,3.7
U048,P253,3.5
U048,P074,4.6
U048,P146,4.5
U048,P266,3.9
U048,P231,4.0
U048,P313,3.2
U048,P204,4.0
U048,P145,4.2
U048,P157,2.6
U048,P056,4.7
U048,P270,4.2
U048,P100,1.8
U048,P135,3.1
U048,P197,3.6
U048,P449,3.9
U048,P216,4.7
U048,P263,4.8
U048,P026,3.8
U048,P058,4.6
U048,P500,4.4
U048,P376,3.3
U048,P104,4.8
U048,P232,4.8
U048,P185,4.4
U048,P352,3.5
U048,P042,4.4
U048,P172,3.4
U048,P210,3.8
U048,P114,1.6
U048,P274,3.9
U048,P002,3.7
U048,P023,4.3
U048,P081,4.5
U048,P381,3.7
U048,P334,4.1
U048,P493,4.8
U048,P294,4.4
U048,P300,4.8
U048,P365,1.8
U048,P211,4.3
U048,P462,3.6
U048,P048,4.0
U048,P163,1.5
U048,P287,3.9
U048,P324,4.9
U048,P418,5.0
U048,P106,4.5
U048,P396,3.4
U048,P202,3.7
U048,P357,1.9
U048,P353,2.9
U048,P470,2.9
U048,P195,4.8
U048,P159,1.9
U048,P055,4.6
U048,P280,4.9
U048,P223,3.6
U048,P082,4.6
U048,P259,2.1
U048,P089,3.9
U049,P137,3.5
U049,P419,4.6
U049,P190,4.2
U049,P322,2.7
U049,P318,3.8
U049,P200,3.7
U049,P427,4.8
U049,P032,3.5
U049,P115,1.6
U049,P107,2.9
U049,P183,3.7
U049,P317,4.4
U049,P367,3.6
U049,P379,2.9
U049,P471,1.6
U049,P352,3.9
U049,P205,3.8
U049,P307,4.9
U049,P448,3.0
U049,P152,2.9
U049,P421,3.5
U049,P182,4.6
U049,P111,3.2
U049,P359,3.9
U049,P081,1.7
U049,P426,4.2
U049,P430,5.0
U049,P294,3.7
U049,P405,3.8
U049,P484,3.6
U049,P040,4.4
U049,P021,4.7
U049,P208,4.7
U049,P038,3.8
U049,P267,3.1
U049,P360,3.9
U049,P355,4.6
U049,P161,2.4
U049,P097,4.2
U049,P060,3.0
U049,P202,3.8
U049,P199,4.1
U049,P357,3.7
U049,P225,2.0
U049,P377,4.8
U049,P422,4.3
U049,P195,4.1
U049,P368,3.7
U049,P401,3.6
U049,P215,4.2
U049,P031,4.4
U050,P091,1.8
U050,P073,1.5
U050,P478,3.1
U050,P497,4.5
U050,P231,4.0
U050,P258,2.4
U050,P447,3.7
U050,P213,4.5
U050,P084,3.9
U050,P458,4.8
U050,P449,4.1
U050,P032,4.0
U050,P455,3.9
U050,P301,4.5
U050,P451,4.6
U050,P289,4.1
U050,P299,4.7
U050,P243,2.7
U050,P004,2.4
U050,P234,4.3
U050,P221,3.9
U050,P383,2.3
U050,P400,4.0
U050,P182,4.6
U050,P081,4.6
U050,P430,3.6
U050,P407,4.5
U050,P335,4.6
U050,P304,4.2
U050,P331,4.5
U050,P119,1.9
U050,P438,3.8
U050,P021,4.1
U050,P462,4.0
U050,P369,2.9
U050,P402,4.5
U050,P044,4.6
U050,P003,1.9
U050,P413,4.9
U050,P177,1.5
U050,P154,1.7
U050,P435,3.7
U050,P233,4.9
U050,P218,4.2
U050,P481,3.6
U050,P244,2.1
U051,P417,3.9
U051,P475,1.5
U051,P157,1.9
U051,P145,5.0
U051,P197,4.7
U051,P458,4.0
U051,P487,4.1
U051,P019,3.0
U051,P451,4.3
U051,P176,3.3
U051,P138,1.7
U051,P299,3.6
U051,P226,3.9
U051,P431,4.7
U051,P472,3.8
U051,P222,4.0
U051,P023,4.9
U051,P278,3.9
U051,P381,4.4
U051,P462,3.8
U051,P292,4.9
U051,P338,4.4
U051,P402,3.9
U051,P105,4.1
U051,P018,1.8
U051,P035,3.6
U051,P476,2.2
U051,P401,4.9
U051,P333,4.7
U051,P259,3.9
U051,P344,3.7
U052,P310,4.9
U052,P190,4.8
U052,P443,4.1
U052,P146,4.0
U052,P251,4.8
U052,P151,3.7
U052,P200,4.4
U052,P349,3.9
U052,P100,3.8
U052,P090,3.4
U052,P197,4.3
U052,P263,2.5
U052,P482,3.4
U052,P184,3.7
U052,P078,2.8
U052,P068,4.1
U052,P474,3.8
U052,P500,3.5
U052,P315,4.0
U052,P379,3.7
U052,P071,3.4
U052,P185,4.2
U052,P025,3.7
U052,P431,2.8
U052,P166,4.0
U052,P205,3.5
U052,P237,4.5
U052,P210,4.1
U052,P170,3.7
U052,P425,4.0
U052,P298,3.7
U052,P491,3.8
U052,P347,3.9
U052,P002,2.2
U052,P081,3.9
U052,P207,4.0
U052,P467,3.8
U052,P409,4.1
U052,P316,4.1
U052,P175,4.6
U052,P365,4.0
U052,P308,4.1
U052,P358,4.2
U052,P398,4.4
U052,P208,5.0
U052,P059,4.5
U052,P133,3.5
U052,P250,4.6
U052,P156,3.5
U052,P412,4.3
U052,P413,4.8
U052,P196,3.8
U052,P015,4.7
U052,P435,3.3
U052,P325,2.7
U052,P055,3.5
U052,P134,2.6
U052,P401,3.7
U052,P380,3.7
U052,P193,4.4
U053,P073,4.2
U053,P473,1.7
U053,P204,4.4
U053,P041,4.2
U053,P447,3.9
U053,P434,3.7
U053,P242,4.5
U053,P492,4.9
U053,P483,2.6
U053,P500,4.4
U053,P138,4.1
U053,P255,4.9
U053,P172,3.6
U053,P298,2.4
U053,P274,4.0
U053,P201,4.5
U053,P491,4.6
U053,P384,4.4
U053,P495,4.1
U053,P484,3.7
U053,P021,4.7
U053,P398,4.9
U053,P125,3.4
U053,P338,2.8
U053,P291,2.6
U053,P250,3.8
U053,P060,4.8
U053,P202,3.7
U053,P357,2.1
U053,P061,3.9
U053,P181,4.6
U053,P499,4.6
U053,P035,3.8
U053,P343,4.1
U053,P280,1.7
U053,P332,3.8
U053,P490,4.2
U053,P247,3.6
U054,P285,4.8
U054,P346,2.6
U054,P460,4.5
U054,P374,2.8
U054,P427,4.9
U054,P480,4.2
U054,P183,3.8
U054,P312,3.6
U054,P076,2.3
U054,P420,4.1
U054,P221,3.7
U054,P191,3.5
U054,P328,4.3
U054,P408,4.6
U054,P347,1.8
U054,P128,3.9
U054,P094,4.3
U054,P407,4.5
U054,P249,2.7
U054,P304,4.6
U054,P230,3.9
U054,P484,4.6
U054,P373,3.5
U054,P397,3.0
U054,P038,4.7
U054,P125,4.3
U054,P271,2.0
U054,P291,4.8
U054,P357,4.2
U054,P035,3.9
U054,P280,4.6
U054,P464,3.1
U054,P065,3.6
U055,P417,3.9
U055,P241,4.6
U055,P443,3.3
U055,P197,3.8
U055,P049,3.7
U055,P272,4.2
U055,P103,2.4
U055,P153,2.3
U055,P408,4.7
U055,P152,4.0
U055,P012,2.7
U055,P066,3.5
U055,P010,2.3
U055,P128,3.6
U055,P240,4.9
U055,P303,1.6
U055,P493,4.7
U055,P230,3.6
U055,P038,4.2
U055,P194,3.8
U055,P283,3.6
U055,P077,4.7
U055,P265,4.7
U055,P199,3.7
U055,P276,4.7
U055,P406,3.9
U055,P233,4.7
U055,P055,4.2
U055,P186,4.6
U055,P079,3.6
U055,P411,4.2
U055,P193,4.7
U056,P137,4.5
U056,P417,2.3
U056,P253,5.0
U056,P468,4.6
U056,P351,3.6
U056,P056,4.0
U056,P428,1.9
U056,P252,4.3
U056,P441,3.7
U056,P032,2.7
U056,P245,4.0
U056,P492,2.9
U056,P076,3.1
U056,P166,4.0
U056,P247,4.8
U056,P180,4.6
U056,P054,3.5
U056,P491,2.4
U056,P012,4.6
U056,P111,3.9
U056,P467,3.6
U056,P342,4.6
U056,P171,4.3
U056,P334,2.9
U056,P358,2.7
U056,P398,4.4
U056,P112,4.3
U056,P062,4.0
U056,P121,2.7
U056,P116,4.8
U056,P077,3.0
U056,P250,4.8
U056,P424,3.7
U056,P110,2.8
U056,P055,4.2
U056,P464,4.7
U056,P281,2.9
U056,P442,4.2
U056,P131,4.7
U056,P193,2.8
U056,P051,4.6
U056,P445,4.8
U057,P321,4.4
U057,P067,3.6
U057,P017,3.8
U057,P145,4.6
U057,P115,1.5
U057,P414,4.9
U057,P371,4.5
U057,P317,3.8
U057,P378,4.7
U057,P466,4.2
U057,P033,4.5
U057,P139,4.0
U057,P347,3.4
U057,P023,4.8
U057,P207,4.7
U057,P356,3.5
U057,P334,3.6
U057,P335,4.4
U057,P206,4.3
U057,P300,4.6
U057,P358,3.6
U057,P438,3.6
U057,P363,2.0
U057,P341,2.8
U057,P133,3.7
U057,P077,3.8
U057,P250,4.1
U057,P050,3.8
U057,P353,3.1
U057,P261,4.4
U057,P454,4.9
U057,P093,2.9
U057,P035,4.3
U057,P429,3.4
U057,P055,3.4
U057,P186,4.4
U057,P065,4.5
U057,P089,4.6
U057,P244,2.6
U057,P490,3.7
U058,P219,5.0
U058,P321,3.8
U058,P229,4.0
U058,P101,4.7
U058,P266,3.9
U058,P204,4.7
U058,P436,4.9
U058,P258,2.8
U058,P395,2.9
U058,P214,4.4
U058,P449,3.6
U058,P120,2.7
U058,P486,3.7
U058,P305,3.9
U058,P336,4.8
U058,P189,3.9
U058,P431,3.9
U058,P185,4.0
U058,P004,2.9
U058,P234,4.4
U058,P295,3.8
U058,P279,3.6
U058,P448,4.0
U058,P210,4.2
U058,P207,4.2
U058,P488,4.8
U058,P302,4.6
U058,P001,3.5
U058,P334,3.6
U058,P206,4.5
U058,P363,1.6
U058,P397,3.5
U058,P267,2.5
U058,P402,4.7
U058,P148,4.9
U058,P220,4.0
U058,P018,3.7
U058,P325,4.2
U058,P476,3.8
U058,P380,3.7
U058,P009,3.4
U058,P344,3.4
U059,P129,4.7
U059,P417,2.3
U059,P168,3.8
U059,P475,1.7
U059,P212,4.5
U059,P346,2.6
U059,P034,4.0
U059,P124,4.0
U059,P090,3.0
U059,P130,3.5
U059,P216,4.0
U059,P427,5.0
U059,P477,4.4
U059,P403,5.0
U059,P455,2.6
U059,P414,3.7
U059,P037,3.6
U059,P189,4.7
U059,P378,3.8
U059,P143,2.4
U059,P306,4.6
U059,P033,4.8
U059,P087,1.8
U059,P180,1.6
U059,P027,4.9
U059,P170,3.8
U059,P432,3.7
U059,P128,4.7
U059,P384,1.5
U059,P094,4.5
U059,P426,3.7
U059,P479,4.2
U059,P430,3.5
U059,P356,3.8
U059,P320,4.3
U059,P409,3.8
U059,P284,2.8
U059,P308,3.9
U059,P057,2.7
U059,P211,4.6
U059,P208,3.7
U059,P194,4.5
U059,P355,3.5
U059,P418,3.0
U059,P366,4.5
U059,P202,3.6
U059,P142,1.9
U059,P353,3.9
U059,P413,4.7
U059,P181,4.4
U059,P198,3.6
U059,P343,3.1
U059,P193,3.5
U059,P031,4.1
U060,P419,4.9
U060,P241,3.8
U060,P091,4.0
U060,P190,4.1
U060,P475,1.8
U060,P229,4.6
U060,P235,4.3
U060,P043,4.5
U060,P440,3.7
U060,P100,4.5
U060,P124,4.1
U060,P263,4.4
U060,P167,2.6
U060,P301,2.3
U060,P026,4.4
U060,P078,4.2
U060,P046,3.7
U060,P176,3.1
U060,P183,4.4
U060,P272,4.5
U060,P314,3.8
U060,P143,1.8
U060,P071,4.5
U060,P185,4.8
U060,P025,4.9
U060,P138,2.6
U060,P203,4.9
U060,P222,4.7
U060,P205,4.5
U060,P456,2.9
U060,P008,1.9
U060,P147,3.6
U060,P488,2.8
U060,P240,4.6
U060,P426,3.8
U060,P361,4.8
U060,P016,1.9
U060,P334,1.6
U060,P459,2.3
U060,P461,5.0
U060,P230,4.9
U060,P048,4.0
U060,P354,4.6
U060,P360,4.7
U060,P287,3.1
U060,P418,4.6
U060,P202,3.7
U060,P377,3.8
U060,P154,1.8
U060,P499,3.5
U060,P195,5.0
U060,P233,4.4
U060,P439,3.0
U060,P132,3.0
U060,P496,3.0
U060,P193,3.8
U060,P031,3.5
U061,P419,4.3
U061,P190,4.1
U061,P020,3.3
U061,P330,2.9
U061,P313,4.3
U061,P145,4.4
U061,P200,3.6
U061,P242,2.2
U061,P216,4.1
U061,P403,4.0
U061,P037,4.7
U061,P414,4.2
U061,P451,2.6
U061,P189,4.4
U061,P500,3.6
U061,P126,4.3
U061,P185,3.7
U061,P410,4.7
U061,P122,4.2
U061,P076,3.3
U061,P024,3.7
U061,P328,3.4
U061,P042,3.8
U061,P192,4.5
U061,P169,1.8
U061,P432,2.5
U061,P207,4.2
U061,P384,1.9
U061,P320,4.4
U061,P409,4.6
U061,P361,3.8
U061,P430,4.2
U061,P407,3.9
U061,P390,3.2
U061,P405,4.9
U061,P194,4.7
U061,P360,4.6
U061,P355,3.7
U061,P125,3.7
U061,P029,4.2
U061,P283,2.4
U061,P453,2.8
U061,P366,4.1
U061,P187,4.7
U061,P276,2.8
U061,P413,4.9
U061,P196,4.1
U061,P406,4.1
U061,P377,4.7
U061,P093,4.9
U061,P444,2.9
U061,P470,3.1
U061,P195,3.7
U061,P382,3.7
U062,P323,2.9
U062,P447,3.6
U062,P124,3.6
U062,P216,3.7
U062,P184,4.5
U062,P224,1.6
U062,P189,4.8
U062,P378,4.5
U062,P004,3.6
U062,P024,3.9
U062,P169,3.8
U062,P457,1.6
U062,P461,4.1
U062,P463,1.9
U062,P211,4.5
U062,P021,4.4
U062,P363,4.5
U062,P217,4.4
U062,P022,4.7
U062,P397,1.9
U062,P121,4.2
U062,P402,4.4
U062,P291,3.8
U062,P202,3.6
U062,P412,3.9
U062,P061,2.4
U062,P406,4.1
U062,P198,3.6
U062,P401,4.1
U062,P411,4.3
U062,P193,3.9
U063,P095,4.0
U063,P419,4.3
U063,P404,4.0
U063,P098,3.5
U063,P417,3.2
U063,P478,4.0
U063,P468,3.3
U063,P204,4.4
U063,P036,3.5
U063,P174,1.9
U063,P100,4.0
U063,P469,2.3
U063,P124,4.5
U063,P197,4.9
U063,P252,3.5
U063,P427,4.5
U063,P216,4.2
U063,P455,3.1
U063,P184,4.8
U063,P492,4.3
U063,P309,4.0
U063,P315,4.7
U063,P293,2.5
U063,P226,3.4
U063,P306,4.8
U063,P024,3.9
U063,P191,4.6
U063,P006,2.3
U063,P408,4.3
U063,P152,2.0
U063,P421,4.5
U063,P147,3.5
U063,P128,4.8
U063,P426,4.0
U063,P361,5.0
U063,P319,3.9
U063,P365,3.5
U063,P294,4.0
U063,P211,4.4
U063,P021,4.8
U063,P208,4.4
U063,P044,2.5
U063,P412,4.4
U063,P357,4.8
U063,P261,3.4
U063,P377,4.6
U063,P093,4.0
U063,P035,3.5
U063,P055,2.5
U063,P150,2.7
U063,P218,3.9
U063,P411,4.2
U064,P095,3.7
U064,P020,4.0
U064,P323,4.8
U064,P145,3.7
U064,P200,4.6
U064,P056,3.4
U064,P084,3.5
U064,P441,3.4
U064,P216,4.5
U064,P130,2.0
U064,P019,3.8
U064,P013,3.9
U064,P078,4.3
U064,P068,4.7
U064,P299,4.5
U064,P340,2.2
U064,P139,3.7
U064,P209,3.7
U064,P279,4.9
U064,P326,4.3
U064,P491,3.7
U064,P147,4.3
U064,P479,2.9
U064,P361,2.2
U064,P430,3.9
U064,P335,4.7
U064,P331,4.4
U064,P365,1.9
U064,P463,4.0
U064,P350,3.7
U064,P048,4.3
U064,P287,3.6
U064,P061,3.5
U064,P110,4.9
U064,P233,3.6
U064,P496,4.1
U064,P089,3.6
U064,P244,2.5
U064,P051,3.3
U065,P168,2.5
U065,P311,3.3
U065,P146,3.7
U065,P067,2.9
U065,P151,1.7
U065,P204,4.0
U065,P235,4.2
U065,P036,4.4
U065,P436,3.9
U065,P449,3.9
U065,P080,3.7
U065,P414,4.2
U065,P078,3.6
U065,P362,2.0
U065,P071,4.5
U065,P431,4.1
U065,P221,5.0
U065,P307,2.9
U065,P114,2.4
U065,P054,4.5
U065,P108,3.8
U065,P415,4.5
U065,P491,4.6
U065,P432,4.6
U065,P288,4.8
U065,P284,3.7
U065,P319,3.0
U065,P304,4.0
U065,P088,3.6
U065,P217,4.2
U065,P287,4.0
U065,P355,2.5
U065,P276,4.4
U065,P196,4.5
U065,P093,3.0
U065,P444,3.5
U065,P433,4.0
U065,P333,4.5
U065,P490,1.7
U066,P129,4.0
U066,P310,3.2
U066,P419,1.8
U066,P275,3.6
U066,P475,3.5
U066,P073,4.6
U066,P253,4.2
U066,P311,2.6
U066,P322,4.0
U066,P151,3.6
U066,P174,4.5
U066,P063,4.1
U066,P258,4.2
U066,P469,4.7
U066,P252,4.4
U066,P254,4.1
U066,P489,1.9
U066,P263,4.3
U066,P173,4.3
U066,P394,4.2
U066,P245,2.4
U066,P414,2.0
U066,P078,4.4
U066,P176,4.4
U066,P143,4.8
U066,P138,3.9
U066,P071,4.3
U066,P299,2.5
U066,P004,4.3
U066,P191,2.4
U066,P328,3.9
U066,P180,4.4
U066,P170,4.6
U066,P457,1.8
U066,P274,4.2
U066,P001,4.5
U066,P175,3.7
U066,P016,4.6
U066,P230,4.0
U066,P495,5.0
U066,P358,3.4
U066,P119,2.7
U066,P369,3.6
U066,P014,4.8
U066,P398,3.6
U066,P112,2.7
U066,P267,4.6
U066,P337,3.9
U066,P003,3.6
U066,P077,4.5
U066,P269,4.7
U066,P015,4.0
U066,P375,3.6
U066,P154,4.0
U066,P149,3.4
U066,P079,4.2
U066,P463,4.3
U066,P370,4.2
U067,P155,2.5
U067,P219,4.0
U067,P443,4.6
U067,P478,3.4
U067,P204,4.3
U067,P200,4.1
U067,P498,4.6
U067,P135,2.7
U067,P100,1.9
U067,P213,4.8
U067,P460,1.5
U067,P214,4.9
U067,P296,2.6
U067,P115,4.5
U067,P084,3.9
U067,P403,4.5
U067,P482,1.6
U067,P414,4.9
U067,P037,4.5
U067,P078,4.9
U067,P068,4.1
U067,P140,4.9
U067,P118,4.8
U067,P367,2.3
U067,P437,2.2
U067,P226,3.6
U067,P431,3.1
U067,P306,2.5
U067,P123,3.4
U067,P024,4.6
U067,P221,4.6
U067,P191,4.4
U067,P472,2.0
U067,P042,4.0
U067,P260,4.5
U067,P141,3.8
U067,P027,4.3
U067,P054,4.5
U067,P408,4.7
U067,P326,1.5
U067,P075,3.6
U067,P432,1.8
U067,P147,4.2
U067,P246,3.8
U067,P320,2.2
U067,P493,3.8
U067,P119,3.5
U067,P211,3.6
U067,P397,4.9
U067,P217,4.5
U067,P029,4.8
U067,P202,4.9
U067,P220,4.5
U067,P050,4.6
U067,P144,3.7
U067,P018,4.8
U067,P382,3.7
U067,P162,3.1
U067,P053,4.8
U067,P344,4.3
U068,P404,4.5
U068,P310,3.5
U068,P155,1.6
U068,P073,2.5
U068,P323,1.9
U068,P204,4.0
U068,P145,4.1
U068,P036,3.5
U068,P200,4.6
U068,P034,4.7
U068,P351,2.7
U068,P213,4.1
U068,P427,4.6
U068,P216,4.7
U068,P039,3.6
U068,P477,3.8
U068,P403,4.1
U068,P107,3.2
U068,P058,3.4
U068,P176,1.8
U068,P183,4.3
U068,P471,4.0
U068,P185,4.0
U068,P410,4.0
U068,P203,3.6
U068,P205,5.0
U068,P307,4.5
U068,P172,2.4
U068,P075,3.6
U068,P432,2.4
U068,P010,3.6
U068,P207,4.6
U068,P188,3.9
U068,P057,2.0
U068,P365,4.3
U068,P040,5.0
U068,P462,4.5
U068,P208,3.9
U068,P355,4.1
U068,P029,3.7
U068,P202,4.5
U068,P353,4.2
U068,P454,3.7
U068,P093,4.2
U068,P018,2.0
U068,P325,1.6
U068,P368,3.5
U068,P429,5.0
U068,P096,3.9
U068,P401,4.1
U068,P193,4.7
U068,P354,4.5
U069,P475,1.9
U069,P020,4.1
U069,P127,1.9
U069,P231,3.9
U069,P313,3.0
U069,P151,1.8
U069,P036,4.7
U069,P440,4.4
U069,P034,4.1
U069,P436,3.7
U069,P447,4.8
U069,P043,3.6
U069,P069,3.5
U069,P458,4.9
U069,P107,4.6
U069,P032,4.4
U069,P167,3.9
U069,P039,4.5
U069,P480,4.7
U069,P019,4.2
U069,P492,3.7
U069,P216,3.7
U069,P118,3.9
U069,P183,4.2
U069,P371,2.1
U069,P317,1.9
U069,P126,3.2
U069,P379,4.4
U069,P232,4.6
U069,P314,3.0
U069,P103,3.6
U069,P364,3.6
U069,P087,4.0
U069,P456,4.1
U069,P047,4.3
U069,P158,2.0
U069,P081,5.0
U069,P316,3.9
U069,P273,3.0
U069,P119,4.8
U069,P163,4.0
U069,P386,4.3
U069,P341,4.2
U069,P029,4.4
U069,P283,3.8
U069,P324,3.6
U069,P418,3.7
U069,P178,3.7
U069,P121,3.6
U069,P077,3.8
U069,P161,2.7
U069,P060,3.7
U069,P072,3.8
U069,P412,3.6
U069,P018,4.0
U069,P325,3.8
U069,P368,2.1
U069,P332,4.4
U069,P465,4.8
U069,P065,4.2
U070,P100,3.8
U070,P099,4.1
U070,P136,4.2
U070,P039,3.8
U070,P452,2.4
U070,P305,2.2
U070,P058,2.3
U070,P183,3.5
U070,P189,4.4
U070,P500,3.9
U070,P329,1.8
U070,P420,4.2
U070,P352,4.1
U070,P409,4.6
U070,P361,3.8
U070,P308,3.9
U070,P048,1.9
U070,P363,4.7
U070,P345,3.9
U070,P194,4.9
U070,P338,2.9
U070,P196,4.3
U070,P028,3.8
U070,P377,4.1
U070,P105,2.8
U070,P198,4.8
U070,P154,2.0
U070,P429,4.2
U070,P096,4.2
U070,P188,3.5
U070,P439,2.6
U071,P155,4.2
U071,P275,3.7
U071,P475,4.6
U071,P268,3.8
U071,P074,4.8
U071,P473,4.4
U071,P011,4.6
U071,P270,3.5
U071,P160,4.4
U071,P393,4.1
U071,P264,4.5
U071,P078,4.3
U071,P272,3.9
U071,P138,4.6
U071,P071,4.5
U071,P004,4.4
U071,P123,2.9
U071,P033,2.0
U071,P087,3.2
U071,P012,4.4
U071,P066,4.0
U071,P002,4.9
U071,P347,2.8
U071,P390,4.9
U071,P481,2.4
U071,P493,1.6
U071,P350,2.5
U071,P239,2.7
U071,P386,3.6
U071,P062,4.0
U071,P360,3.1
U071,P029,3.3
U071,P424,4.3
U071,P375,4.7
U071,P154,3.7
U071,P435,2.3
U071,P429,2.8
U071,P079,4.5
U071,P370,4.6
U071,P009,4.6
U072,P127,3.5
U072,P212,3.8
U072,P497,1.6
U072,P313,4.7
U072,P351,3.6
U072,P034,4.3
U072,P395,4.0
U072,P032,4.4
U072,P393,3.1
U072,P037,4.7
U072,P126,4.2
U072,P315,4.5
U072,P378,4.3
U072,P314,4.3
U072,P232,2.6
U072,P122,4.4
U072,P030,4.8
U072,P364,4.0
U072,P472,3.5
U072,P295,2.1
U072,P307,4.1
U072,P108,2.2
U072,P012,3.6
U072,P297,1.9
U072,P320,3.9
U072,P409,4.9
U072,P479,4.4
U072,P426,3.7
U072,P319,4.3
U072,P206,3.8
U072,P463,1.9
U072,P339,3.3
U072,P405,4.9
U072,P088,3.5
U072,P462,3.7
U072,P092,3.7
U072,P208,5.0
U072,P106,2.9
U072,P324,2.6
U072,P148,2.4
U072,P413,3.8
U072,P196,4.6
U072,P377,4.5
U072,P093,5.0
U072,P195,3.7
U072,P035,4.2
U072,P429,5.0
U072,P382,2.8
U072,P186,3.7
U072,P476,3.5
U072,P188,4.9
U072,P411,4.7
U072,P259,3.9
U072,P031,4.9
U073,P095,3.7
U073,P311,4.8
U073,P285,2.4
U073,P212,4.1
U073,P478,3.9
U073,P266,2.4
U073,P100,5.0
U073,P213,4.8
U073,P099,3.6
U073,P428,4.6
U073,P449,2.6
U073,P216,5.0
U073,P489,3.5
U073,P049,2.2
U073,P487,3.5
U073,P414,5.0
U073,P500,4.1
U073,P126,4.8
U073,P309,3.7
U073,P378,4.4
U073,P376,1.7
U073,P244,2.0
U073,P364,4.2
U073,P205,4.8
U073,P307,5.0
U073,P448,1.7
U073,P027,4.9
U073,P141,3.4
U073,P348,1.7
U073,P023,4.1
U073,P128,4.9
U073,P094,4.1
U073,P316,4.3
U073,P407,4.6
U073,P356,4.6
U073,P461,3.7
U073,P206,3.8
U073,P308,4.1
U073,P358,4.3
U073,P354,3.6
U073,P494,3.6
U073,P194,4.8
U073,P283,2.3
U073,P065,2.9
U073,P406,4.2
U073,P377,3.5
U073,P028,3.5
U073,P375,2.2
U073,P325,3.9
U073,P429,4.8
U073,P096,4.2
U073,P215,4.5
U073,P031,4.8
U074,P311,2.8
U074,P468,4.0
U074,P251,3.7
U074,P100,1.8
U074,P374,3.9
U074,P045,3.4
U074,P254,4.1
U074,P090,3.8
U074,P197,1.9
U074,P099,2.0
U074,P393,4.3
U074,P394,4.7
U074,P173,4.7
U074,P264,4.3
U074,P482,3.2
U074,P068,4.9
U074,P474,4.8
U074,P189,3.3
U074,P138,4.6
U074,P466,4.7
U074,P203,2.5
U074,P328,3.8
U074,P295,1.8
U074,P307,1.8
U074,P008,3.5
U074,P256,4.0
U074,P170,4.5
U074,P169,3.7
U074,P141,4.2
U074,P348,5.0
U074,P383,4.3
U074,P467,5.0
U074,P240,3.8
U074,P342,4.0
U074,P294,3.4
U074,P300,1.8
U074,P284,1.8
U074,P331,3.2
U074,P462,3.2
U074,P014,4.0
U074,P397,3.8
U074,P072,5.0
U074,P065,4.1
U074,P133,4.6
U074,P396,3.7
U074,P061,3.5
U074,P454,2.7
U074,P018,4.1
U074,P015,3.8
U074,P446,3.5
U074,P159,4.5
U074,P005,4.4
U074,P343,4.2
U074,P277,4.9
U074,P463,3.6
U074,P259,4.0
U074,P142,3.5
U074,P244,3.6
U074,P372,3.7
U075,P095,2.8
U075,P102,4.2
U075,P098,2.4
U075,P497,3.9
U075,P145,4.6
U075,P174,1.7
U075,P213,4.2
U075,P214,4.1
U075,P458,4.2
U075,P486,4.6
U075,P452,4.5
U075,P487,4.8
U075,P167,2.1
U075,P301,4.1
U075,P046,5.0
U075,P474,2.6
U075,P437,4.8
U075,P329,4.8
U075,P185,4.7
U075,P104,4.9
U075,P431,4.1
U075,P024,3.5
U075,P295,4.5
U075,P448,4.5
U075,P114,2.5
U075,P326,4.3
U075,P108,4.5
U075,P152,1.8
U075,P383,2.5
U075,P347,3.2
U075,P432,5.0
U075,P391,3.4
U075,P303,4.8
U075,P273,1.9
U075,P294,4.0
U075,P461,3.8
U075,P405,3.8
U075,P088,4.8
U075,P354,2.5
U075,P022,3.8
U075,P038,4.1
U075,P341,2.7
U075,P418,4.6
U075,P337,4.6
U075,P044,4.4
U075,P097,3.4
U075,P416,4.7
U075,P148,4.9
U075,P196,4.0
U075,P028,4.5
U075,P144,3.9
U075,P110,5.0
U075,P195,4.3
U075,P429,1.9
U075,P368,2.6
U075,P149,3.7
U075,P423,2.7
U075,P439,3.8
U076,P095,3.5
U076,P404,4.3
U076,P323,3.7
U076,P204,4.0
U076,P017,3.3
U076,P034,4.2
U076,P213,3.7
U076,P130,4.6
U076,P327,2.7
U076,P411,3.7
U076,P414,4.5
U076,P492,4.5
U076,P019,3.2
U076,P183,4.4
U076,P189,4.2
U076,P312,4.8
U076,P410,4.3
U076,P025,4.1
U076,P243,2.7
U076,P027,5.0
U076,P274,3.0
U076,P081,2.4
U076,P278,3.9
U076,P302,2.3
U076,P308,3.5
U076,P040,3.6
U076,P038,4.8
U076,P412,4.0
U076,P353,4.6
U076,P406,3.5
U076,P422,4.8
U076,P332,2.4
U076,P215,3.6
U077,P497,3.9
U077,P069,5.0
U077,P349,3.8
U077,P270,4.5
U077,P447,3.9
U077,P197,3.6
U077,P039,4.8
U077,P394,3.8
U077,P480,2.2
U077,P227,3.9
U077,P264,4.4
U077,P451,3.5
U077,P336,3.1
U077,P243,4.9
U077,P030,4.6
U077,P123,2.9
U077,P191,4.4
U077,P237,3.9
U077,P054,4.3
U077,P141,4.3
U077,P348,4.1
U077,P421,2.4
U077,P207,3.6
U077,P294,3.6
U077,P335,2.8
U077,P230,3.9
U077,P495,4.5
U077,P462,4.0
U077,P021,4.1
U077,P389,3.9
U077,P438,2.8
U077,P022,4.5
U077,P236,4.3
U077,P044,4.8
U077,P366,3.1
U077,P196,4.3
U077,P233,3.8
U077,P134,2.7
U077,P096,3.2
U077,P423,4.7
U077,P333,3.8
U078,P417,4.0
U078,P404,3.9
U078,P475,1.7
U078,P496,3.9
U078,P285,4.8
U078,P229,4.5
U078,P257,3.7
U078,P011,2.5
U078,P473,3.6
U078,P235,4.8
U078,P083,3.9
U078,P458,4.4
U078,P441,2.8
U078,P039,3.7
U078,P403,4.5
U078,P227,4.4
U078,P224,4.7
U078,P376,2.8
U078,P309,4.2
U078,P138,1.7
U078,P299,4.4
U078,P226,4.7
U078,P185,4.0
U078,P143,3.6
U078,P076,3.3
U078,P008,3.5
U078,P006,3.4
U078,P052,3.8
U078,P491,3.8
U078,P432,3.7
U078,P081,3.8
U078,P282,3.9
U078,P207,4.1
U078,P273,3.7
U078,P365,3.6
U078,P206,4.3
U078,P304,4.5
U078,P208,3.7
U078,P494,4.3
U078,P386,2.7
U078,P292,3.9
U078,P418,3.9
U078,P109,4.7
U078,P202,3.7
U078,P181,4.2
U078,P377,4.1
U078,P015,2.3
U078,P035,4.5
U078,P368,4.9
U078,P382,3.6
U078,P149,4.6
U078,P186,4.7
U078,P150,3.6
U078,P332,4.9
U078,P065,3.2
U079,P257,4.2
U079,P385,3.5
U079,P083,3.6
U079,P447,4.5
U079,P213,4.4
U079,P428,3.5
U079,P477,1.8
U079,P483,4.1
U079,P451,4.4
U079,P189,4.0
U079,P113,3.6
U079,P367,1.9
U079,P314,2.8
U079,P166,5.0
U079,P221,4.7
U079,P352,3.4
U079,P260,4.8
U079,P179,4.5
U079,P180,4.7
U079,P052,4.0
U079,P491,4.2
U079,P302,4.6
U079,P057,3.9
U079,P284,4.5
U079,P342,4.7
U079,P300,4.7
U079,P316,2.0
U079,P211,4.1
U079,P369,2.0
U079,P453,4.8
U079,P133,3.9
U079,P077,3.7
U079,P199,3.8
U079,P269,3.9
U079,P028,4.9
U079,P015,4.5
U079,P096,3.1
U079,P370,3.8
U079,P244,5.0
U080,P241,4.5
U080,P388,3.3
U080,P219,4.6
U080,P074,4.6
U080,P266,3.9
U080,P497,3.6
U080,P229,3.6
U080,P235,4.0
U080,P043,3.9
U080,P145,4.9
U080,P197,5.0
U080,P403,4.9
U080,P227,5.0
U080,P058,4.4
U080,P500,4.6
U080,P232,3.6
U080,P033,3.9
U080,P234,4.4
U080,P191,4.0
U080,P024,4.1
U080,P222,4.1
U080,P328,3.9
U080,P256,2.9
U080,P006,3.0
U080,P054,3.9
U080,P408,4.3
U080,P274,4.9
U080,P182,4.8
U080,P384,3.7
U080,P488,2.3
U080,P409,4.3
U080,P094,1.9
U080,P342,1.8
U080,P249,1.6
U080,P304,1.8
U080,P119,3.7
U080,P369,3.6
U080,P373,3.4
U080,P287,3.8
U080,P418,3.9
U080,P236,4.8
U080,P059,4.4
U080,P077,4.6
U080,P148,3.9
U080,P413,4.0
U080,P177,3.7
U080,P015,2.3
U080,P198,5.0
U080,P470,3.4
U080,P079,3.7
U080,P193,4.8
U080,P051,4.5
U081,P404,4.4
U081,P388,5.0
U081,P473,4.3
U081,P145,4.4
U081,P135,4.1
U081,P486,1.7
U081,P403,4.7
U081,P080,4.5
U081,P173,4.8
U081,P019,3.5
U081,P078,4.5
U081,P068,4.5
U081,P189,4.1
U081,P376,4.4
U081,P126,4.9
U081,P114,3.6
U081,P400,1.9
U081,P094,3.6
U081,P365,4.7
U081,P117,3.1
U081,P021,4.2
U081,P389,4.9
U081,P397,4.4
U081,P341,1.5
U081,P236,3.9
U081,P265,4.5
U081,P148,3.9
U081,P261,4.0
U081,P028,4.6
U081,P233,3.3
U081,P368,4.9
U081,P382,2.9
U081,P150,2.0
U081,P445,1.6
U082,P168,1.7
U082,P497,4.1
U082,P313,4.1
U082,P204,3.8
U082,P043,4.4
U082,P498,3.6
U082,P145,4.3
U082,P458,3.9
U082,P039,4.5
U082,P403,4.5
U082,P245,4.6
U082,P184,4.9
U082,P026,4.3
U082,P492,4.5
U082,P327,1.7
U082,P176,2.7
U082,P126,3.6
U082,P315,4.7
U082,P379,4.0
U082,P367,5.0
U082,P290,3.2
U082,P076,4.0
U082,P122,3.9
U082,P256,2.6
U082,P054,4.4
U082,P141,2.9
U082,P274,4.9
U082,P415,4.3
U082,P391,4.3
U082,P207,4.1
U082,P384,4.2
U082,P094,4.6
U082,P303,3.5
U082,P284,2.4
U082,P171,3.0
U082,P230,4.7
U082,P208,3.5
U082,P112,3.4
U082,P072,4.2
U082,P418,4.7
U082,P402,4.8
U082,P044,3.6
U082,P065,2.5
U082,P250,3.3
U082,P060,4.0
U082,P202,4.6
U082,P181,4.6
U082,P280,2.6
U082,P215,4.7
U082,P354,4.0
U082,P051,4.9
U082,P445,3.5
U082,P344,2.0
U083,P095,4.9
U083,P098,4.6
U083,P204,4.2
U083,P100,4.2
U083,P428,3.5
U083,P460,2.6
U083,P039,3.9
U083,P477,3.9
U083,P167,3.6
U083,P411,4.1
U083,P305,2.3
U083,P080,1.8
U083,P474,3.6
U083,P317,4.1
U083,P367,4.1
U083,P314,4.2
U083,P025,4.4
U083,P123,4.6
U083,P024,5.0
U083,P139,1.6
U083,P298,2.5
U083,P012,2.8
U083,P023,4.6
U083,P359,4.9
U083,P391,3.8
U083,P409,4.8
U083,P426,3.8
U083,P407,3.6
U083,P365,3.5
U083,P334,2.9
U083,P308,4.3
U083,P339,2.2
U083,P462,4.5
U083,P022,4.8
U083,P360,3.7
U083,P125,4.4
U083,P106,3.1
U083,P236,2.6
U083,P402,4.2
U083,P065,1.9
U083,P116,3.3
U083,P097,4.2
U083,P412,4.2
U083,P199,4.3
U083,P357,4.4
U083,P181,4.5
U083,P093,4.9
U083,P035,4.8
U083,P215,4.6
U084,P155,3.6
U084,P266,4.9
U084,P067,4.7
U084,P313,3.9
U084,P235,4.6
U084,P017,5.0
U084,P385,4.7
U084,P045,4.4
U084,P252,4.8
U084,P197,3.7
U084,P160,4.3
U084,P107,2.8
U084,P173,3.8
U084,P140,3.7
U084,P431,2.0
U084,P025,4.0
U084,P472,4.6
U084,P033,4.6
U084,P139,4.6
U084,P448,2.7
U084,P237,4.8
U084,P052,3.7
U084,P169,4.0
U084,P457,3.5
U084,P391,3.7
U084,P010,3.8
U084,P488,3.9
U084,P273,4.7
U084,P316,1.5
U084,P294,3.6
U084,P350,2.7
U084,P119,2.2
U084,P092,1.9
U084,P208,3.9
U084,P397,4.6
U084,P062,4.1
U084,P292,3.1
U084,P453,2.1
U084,P283,3.4
U084,P236,4.3
U084,P402,4.7
U084,P133,3.7
U084,P396,4.1
U084,P059,4.9
U084,P265,4.8
U084,P225,4.9
U084,P357,2.8
U084,P470,4.5
U084,P159,4.9
U084,P368,2.6
U084,P186,4.7
U084,P132,4.6
U084,P131,4.3
U085,P129,4.3
U085,P190,4.3
U085,P253,2.0
U085,P146,4.3
U085,P478,4.0
U085,P313,4.0
U085,P323,3.1
U085,P036,3.5
U085,P258,3.7
U085,P213,4.3
U085,P019,2.1
U085,P474,3.6
U085,P289,2.3
U085,P500,4.1
U085,P367,4.3
U085,P378,4.6
U085,P143,3.6
U085,P030,3.9
U085,P209,4.3
U085,P064,1.8
U085,P085,3.4
U085,P023,4.9
U085,P359,4.2
U085,P128,4.4
U085,P207,3.5
U085,P391,2.3
U085,P409,3.9
U085,P356,4.6
U085,P308,4.4
U085,P358,4.6
U085,P363,4.9
U085,P217,4.5
U085,P236,3.6
U085,P281,2.1
U085,P377,3.9
U085,P422,4.5
U085,P499,4.7
U085,P035,4.4
U085,P218,3.7
U085,P215,4.1
U086,P404,4.5
U086,P091,4.2
U086,P313,3.5
U086,P036,3.7
U086,P124,4.3
U086,P086,3.8
U086,P427,3.7
U086,P477,4.8
U086,P317,3.7
U086,P376,2.4
U086,P378,3.9
U086,P104,2.8
U086,P306,3.7
U086,P364,4.0
U086,P087,2.4
U086,P205,3.9
U086,P295,1.6
U086,P192,3.7
U086,P114,3.5
U086,P421,4.1
U086,P347,3.8
U086,P359,4.0
U086,P081,2.2
U086,P128,3.8
U086,P094,4.6
U086,P426,3.5
U086,P361,4.3
U086,P319,3.6
U086,P331,1.6
U086,P040,4.2
U086,P345,2.3
U086,P386,2.6
U086,P194,4.0
U086,P412,4.1
U086,P187,4.8
U086,P357,4.8
U086,P406,3.7
U086,P096,3.7
U086,P401,4.5
U086,P372,3.4
U087,P129,1.9
U087,P419,1.5
U087,P251,4.7
U087,P151,3.9
U087,P135,4.6
U087,P262,4.8
U087,P013,4.2
U087,P046,4.7
U087,P362,3.0
U087,P226,4.1
U087,P471,3.6
U087,P472,4.8
U087,P024,3.5
U087,P172,4.2
U087,P255,4.1
U087,P064,4.8
U087,P085,2.3
U087,P347,2.1
U087,P111,1.8
U087,P359,1.7
U087,P493,3.8
U087,P461,3.7
U087,P484,2.1
U087,P211,3.6
U087,P462,4.0
U087,P044,4.1
U087,P028,3.8
U087,P195,4.4
U087,P370,4.0
U087,P354,1.6
U087,P490,3.6
U087,P445,2.5
U088,P155,4.9
U088,P275,4.4
U088,P190,3.1
U088,P146,1.9
U088,P497,1.7
U088,P229,3.8
U088,P251,3.9
U088,P174,3.9
U088,P017,4.5
U088,P440,5.0
U088,P056,4.8
U088,P469,3.8
U088,P262,4.8
U088,P374,3.9
U088,P063,3.7
U088,P447,2.8
U088,P160,3.6
U088,P120,3.6
U088,P441,4.5
U088,P263,4.7
U088,P480,3.3
U088,P176,5.0
U088,P140,4.8
U088,P138,3.8
U088,P471,4.3
U088,P131,4.7
U088,P042,3.7
U088,P237,4.9
U088,P256,4.5
U088,P008,5.0
U088,P274,4.6
U088,P347,3.9
U088,P384,4.5
U088,P488,2.3
U088,P409,2.0
U088,P390,4.9
U088,P016,4.0
U088,P479,3.8
U088,P021,1.8
U088,P014,4.9
U088,P345,4.4
U088,P112,3.5
U088,P208,1.5
U088,P418,1.9
U088,P337,2.9
U088,P060,4.5
U088,P366,2.7
U088,P412,2.5
U088,P061,3.6
U088,P093,3.7
U088,P159,4.5
U088,P005,4.3
U088,P134,4.8
U088,P132,4.7
U088,P382,2.6
U088,P465,3.7
U088,P259,5.0
U088,P445,4.1
U089,P155,4.5
U089,P496,4.8
U089,P251,3.5
U089,P440,4.1
U089,P436,3.2
U089,P498,3.1
U089,P469,4.8
U089,P084,2.3
U089,P458,3.6
U089,P120,4.1
U089,P486,1.8
U089,P032,2.8
U089,P080,4.2
U089,P126,2.8
U089,P143,3.6
U089,P466,4.6
U089,P472,3.6
U089,P340,4.9
U089,P203,2.8
U089,P191,2.3
U089,P172,4.1
U089,P006,4.0
U089,P114,4.8
U089,P054,4.7
U089,P169,5.0
U089,P170,3.8
U089,P179,4.5
U089,P002,4.9
U089,P111,4.9
U089,P010,3.8
U089,P246,4.0
U089,P278,1.7
U089,P117,4.4
U089,P350,3.5
U089,P495,4.1
U089,P369,3.5
U089,P286,3.5
U089,P397,4.9
U089,P062,4.8
U089,P494,2.1
U089,P392,4.2
U089,P059,4.9
U089,P003,4.7
U089,P424,4.7
U089,P202,2.8
U089,P220,2.1
U089,P261,3.6
U089,P375,4.4
U089,P233,2.6
U089,P464,3.6
U089,P476,2.6
U089,P463,3.7
U089,P259,5.0
U089,P193,3.8
U089,P490,4.1
U089,P372,4.8
U090,P067,3.5
U090,P266,4.6
U090,P017,4.4
U090,P174,4.8
U090,P498,3.8
U090,P034,1.8
U090,P262,4.3
U090,P483,2.4
U090,P176,4.2
U090,P371,4.4
U090,P437,2.0
U090,P274,3.7
U090,P066,3.6
U090,P158,3.7
U090,P347,3.0
U090,P273,4.3
U090,P014,4.5
U090,P373,4.0
U090,P283,3.0
U090,P003,4.3
U090,P250,3.7
U090,P399,2.7
U090,P269,4.4
U090,P261,3.9
U090,P181,3.9
U090,P015,4.3
U090,P093,3.1
U090,P470,3.7
U090,P096,2.1
U090,P277,4.7
U090,P065,4.3
U091,P155,1.7
U091,P011,3.5
U091,P235,1.8
U091,P174,3.9
U091,P351,3.8
U091,P069,4.4
U091,P258,4.6
U091,P252,3.6
U091,P136,1.6
U091,P449,2.0
U091,P167,3.8
U091,P058,4.8
U091,P329,3.3
U091,P004,2.3
U091,P166,4.3
U091,P295,1.9
U091,P255,3.5
U091,P256,4.8
U091,P179,4.9
U091,P425,3.5
U091,P054,4.5
U091,P006,2.4
U091,P384,4.7
U091,P188,1.8
U091,P016,4.9
U091,P495,4.0
U091,P389,3.9
U091,P398,4.7
U091,P397,4.5
U091,P283,3.9
U091,P337,3.9
U091,P396,5.0
U091,P070,4.8
U091,P276,3.7
U091,P144,3.6
U091,P061,3.7
U091,P159,3.8
U091,P423,4.7
U091,P465,3.8
U091,P259,4.1
U091,P247,4.1
U092,P095,3.6
U092,P137,4.3
U092,P404,4.0
U092,P168,4.2
U092,P496,4.1
U092,P127,4.1
U092,P219,2.7
U092,P229,2.2
U092,P313,3.5
U092,P351,2.6
U092,P034,3.9
U092,P242,1.7
U092,P487,3.8
U092,P019,3.9
U092,P176,4.3
U092,P500,4.3
U092,P082,1.7
U092,P309,3.9
U092,P143,3.8
U092,P024,3.7
U092,P420,4.0
U092,P222,2.9
U092,P152,4.0
U092,P274,4.5
U092,P182,3.9
U092,P111,3.4
U092,P400,3.4
U092,P391,4.8
U092,P384,2.0
U092,P430,4.4
U092,P316,3.7
U092,P206,4.8
U092,P304,3.3
U092,P495,4.3
U092,P239,2.2
U092,P286,3.4
U092,P163,3.9
U092,P389,4.0
U092,P386,5.0
U092,P062,4.9
U092,P373,4.7
U092,P292,3.4
U092,P324,1.5
U092,P291,3.1
U092,P396,5.0
U092,P250,4.9
U092,P424,4.8
U092,P199,3.8
U092,P105,3.3
U092,P028,3.8
U092,P406,3.9
U092,P499,4.4
U092,P159,4.3
U092,P162,4.2
U092,P343,3.5
U092,P401,4.0
U092,P411,3.6
U092,P193,4.8
U092,P247,4.1
U093,P168,3.6
U093,P241,3.7
U093,P275,4.3
U093,P475,3.5
U093,P200,3.2
U093,P498,2.7
U093,P063,3.8
U093,P270,3.6
U093,P083,3.9
U093,P427,2.2
U093,P394,3.8
U093,P393,4.5
U093,P173,3.6
U093,P477,1.6
U093,P301,2.8
U093,P118,3.8
U093,P500,3.6
U093,P314,2.5
U093,P340,3.7
U093,P260,3.7
U093,P008,4.3
U093,P006,4.2
U093,P066,3.6
U093,P240,4.9
U093,P342,4.8
U093,P164,3.7
U093,P358,2.0
U093,P345,4.1
U093,P386,4.6
U093,P208,2.7
U093,P355,3.0
U093,P106,3.8
U093,P236,4.4
U093,P003,4.3
U093,P161,4.5
U093,P424,3.9
U093,P156,3.5
U093,P412,1.9
U093,P070,3.6
U093,P353,2.5
U093,P154,4.7
U093,P162,4.3
U093,P009,4.9
U093,P445,4.8
U094,P095,2.5
U094,P497,4.6
U094,P440,3.7
U094,P136,4.1
U094,P120,4.6
U094,P264,2.8
U094,P078,3.4
U094,P362,2.5
U094,P474,1.9
U094,P138,3.8
U094,P437,3.6
U094,P255,3.5
U094,P491,4.5
U094,P297,4.5
U094,P288,4.2
U094,P057,4.0
U094,P273,2.5
U094,P206,3.8
U094,P461,3.6
U094,P211,3.9
U094,P072,3.3
U094,P324,3.7
U094,P236,4.5
U094,P454,4.2
U094,P325,4.2
U094,P162,1.7
U094,P186,4.5
U094,P132,3.3
U094,P277,2.6
U094,P259,4.2
U094,P490,3.9
U095,P168,4.0
U095,P020,4.4
U095,P067,4.4
U095,P330,3.8
U095,P473,4.1
U095,P174,4.1
U095,P135,3.8
U095,P043,1.8
U095,P385,2.3
U095,P262,3.5
U095,P090,3.1
U095,P263,3.5
U095,P080,3.8
U095,P013,3.8
U095,P264,4.5
U095,P327,2.2
U095,P474,4.4
U095,P140,3.6
U095,P371,4.8
U095,P126,2.5
U095,P138,4.7
U095,P071,4.2
U095,P255,5.0
U095,P490,4.6
U095,P141,4.7
U095,P007,4.9
U095,P491,2.9
U095,P012,3.9
U095,P066,3.6
U095,P282,2.3
U095,P175,4.4
U095,P001,4.1
U095,P493,3.8
U095,P387,4.7
U095,P495,3.7
U095,P014,3.8
U095,P398,4.6
U095,P373,4.5
U095,P287,3.9
U095,P072,4.5
U095,P029,1.7
U095,P003,3.5
U095,P276,4.9
U095,P028,2.6
U095,P177,4.3
U095,P154,4.6
U095,P375,4.3
U095,P181,3.3
U095,P195,1.5
U095,P035,1.6
U095,P005,4.6
U095,P096,1.8
U095,P277,3.9
U095,P463,4.1
U095,P053,2.1
U095,P009,3.6
U096,P155,3.0
U096,P212,4.7
U096,P067,3.8
U096,P231,3.9
U096,P145,3.6
U096,P200,4.6
U096,P034,4.0
U096,P086,3.3
U096,P084,2.1
U096,P136,3.8
U096,P115,2.1
U096,P403,3.9
U096,P414,4.2
U096,P183,4.5
U096,P185,3.9
U096,P030,4.7
U096,P004,1.7
U096,P420,3.9
U096,P221,4.1
U096,P123,1.9
U096,P209,4.2
U096,P222,4.3
U096,P027,4.6
U096,P141,3.4
U096,P415,4.7
U096,P303,3.5
U096,P273,3.5
U096,P493,4.1
U096,P365,3.6
U096,P206,4.6
U096,P461,4.9
U096,P494,4.4
U096,P059,3.7
U096,P161,3.3
U096,P097,2.1
U096,P187,4.2
U096,P196,4.2
U096,P377,4.1
U096,P181,4.4
U096,P198,3.6
U096,P238,3.7
U096,P055,4.2
U096,P150,1.9
U096,P188,3.8
U096,P031,3.5
U097,P137,4.0
U097,P073,1.9
U097,P313,4.6
U097,P323,3.8
U097,P017,4.1
U097,P351,4.0
U097,P385,5.0
U097,P100,4.7
U097,P374,3.5
U097,P197,3.6
U097,P487,3.2
U097,P455,2.8
U097,P224,3.1
U097,P068,4.6
U097,P078,1.9
U097,P126,4.1
U097,P376,4.6
U097,P138,3.8
U097,P471,2.0
U097,P410,4.9
U097,P025,4.2
U097,P030,4.7
U097,P420,3.8
U097,P203,3.6
U097,P139,3.8
U097,P456,3.4
U097,P172,3.9
U097,P114,4.9
U097,P169,4.1
U097,P320,4.4
U097,P057,4.4
U097,P356,4.8
U097,P430,3.7
U097,P342,3.9
U097,P206,4.1
U097,P300,2.2
U097,P350,4.0
U097,P040,4.4
U097,P363,4.2
U097,P345,4.5
U097,P397,3.7
U097,P062,3.6
U097,P418,3.4
U097,P337,1.5
U097,P392,3.0
U097,P366,5.0
U097,P202,3.6
U097,P199,4.3
U097,P357,3.5
U097,P225,3.0
U097,P269,4.0
U097,P028,4.6
U097,P375,4.9
U097,P444,4.2
U097,P277,2.3
U097,P333,2.6
U097,P481,2.4
U097,P439,3.7
U097,P247,5.0
U098,P095,2.3
U098,P404,4.5
U098,P241,4.3
U098,P275,4.8
U098,P102,1.9
U098,P219,4.2
U098,P017,1.8
U098,P056,4.5
U098,P436,2.1
U098,P041,3.8
U098,P124,3.4
U098,P428,3.1
U098,P216,3.6
U098,P032,4.2
U098,P393,3.3
U098,P482,1.9
U098,P227,4.9
U098,P184,4.9
U098,P264,4.6
U098,P046,3.8
U098,P336,2.1
U098,P289,2.7
U098,P500,4.8
U098,P317,1.8
U098,P025,3.7
U098,P221,4.3
U098,P209,4.6
U098,P027,3.6
U098,P052,4.5
U098,P408,4.8
U098,P491,4.9
U098,P207,4.6
U098,P240,4.4
U098,P230,4.5
U098,P358,2.4
U098,P462,4.6
U098,P021,4.6
U098,P208,4.1
U098,P217,4.5
U098,P271,4.3
U098,P116,3.6
U098,P156,3.5
U098,P196,3.8
U098,P406,3.7
U098,P261,3.6
U098,P238,3.6
U098,P035,4.6
U098,P464,3.8
U098,P079,4.6
U098,P188,3.7
U098,P423,2.4
U099,P074,2.2
U099,P257,4.7
U099,P011,4.9
U099,P346,3.7
U099,P204,3.5
U099,P277,2.5
U099,P160,2.6
U099,P130,2.7
U099,P480,4.0
U099,P245,4.1
U099,P492,3.6
U099,P474,3.3
U099,P362,2.2
U099,P378,4.9
U099,P431,4.6
U099,P076,2.9
U099,P122,1.7
U099,P472,2.3
U099,P222,4.7
U099,P042,4.8
U099,P172,3.6
U099,P085,4.9
U099,P210,4.0
U099,P326,4.5
U099,P348,4.4
U099,P152,2.6
U099,P432,4.2
U099,P278,4.8
U099,P426,3.8
U099,P481,4.7
U099,P273,2.0
U099,P430,3.1
U099,P171,4.0
U099,P316,3.6
U099,P387,3.7
U099,P164,3.5
U099,P358,3.6
U099,P386,4.1
U099,P217,5.0
U099,P292,4.5
U099,P418,3.8
U099,P324,3.6
U099,P065,4.0
U099,P106,4.2
U099,P220,4.9
U099,P105,3.7
U099,P028,4.3
U099,P015,4.0
U099,P162,2.6
U099,P464,3.7
U099,P218,4.6
U099,P463,3.9
U099,P142,3.7
U100,P102,3.7
U100,P073,4.5
U100,P127,1.5
U100,P266,4.2
U100,P497,4.0
U100,P101,1.6
U100,P043,4.4
U100,P498,4.5
U100,P056,3.6
U100,P135,2.1
U100,P436,3.4
U100,P434,1.7
U100,P487,1.8
U100,P263,3.9
U100,P477,3.9
U100,P376,3.8
U100,P272,5.0
U100,P143,4.5
U100,P340,3.9
U100,P087,1.6
U100,P352,3.9
U100,P237,4.9
U100,P457,2.2
U100,P485,2.8
U100,P333,1.8
U100,P400,4.2
U100,P075,4.0
U100,P147,4.9
U100,P391,5.0
U100,P381,4.4
U100,P016,4.3
U100,P405,4.5
U100,P211,4.5
U100,P462,3.6
U100,P021,3.6
U100,P369,1.9
U100,P022,4.8
U100,P267,3.8
U100,P072,3.7
U100,P355,2.9
U100,P165,4.4
U100,P059,3.9
U100,P402,4.6
U100,P416,4.1
U100,P070,4.3
U100,P357,2.2
U100,P061,4.5
U100,P186,3.7
U100,P223,4.2
U100,P489,4.9
U100,P259,4.5
U100,P053,4.9
U101,P417,4.7
U101,P102,3.7
U101,P219,4.7
U101,P311,2.2
U101,P231,3.6
U101,P251,3.9
U101,P204,3.8
U101,P235,4.9
U101,P090,4.7
U101,P296,3.7
U101,P039,4.3
U101,P480,4.8
U101,P482,4.4
U101,P492,4.7
U101,P309,1.7
U101,P379,4.0
U101,P076,2.9
U101,P221,3.9
U101,P064,2.2
U101,P192,3.6
U101,P027,3.6
U101,P114,2.3
U101,P335,4.6
U101,P239,2.0
U101,P345,3.5
U101,P402,4.5
U101,P097,3.5
U101,P399,4.3
U101,P070,3.7
U101,P413,4.1
U101,P454,4.4
U101,P325,3.9
U101,P110,4.5
U101,P368,3.3
U101,P433,4.5
U101,P380,3.7
U102,P310,4.1
U102,P275,4.3
U102,P475,3.3
U102,P285,2.7
U102,P212,4.3
U102,P146,5.0
U102,P321,3.7
U102,P043,4.5
U102,P041,4.1
U102,P124,4.4
U102,P099,4.9
U102,P214,4.6
U102,P480,3.3
U102,P455,3.3
U102,P224,4.6
U102,P362,3.9
U102,P183,4.6
U102,P471,3.9
U102,P185,4.7
U102,P122,4.8
U102,P103,2.8
U102,P420,4.4
U102,P352,4.4
U102,P222,4.9
U102,P209,4.5
U102,P064,3.7
U102,P421,4.3
U102,P359,3.8
U102,P391,3.6
U102,P384,4.8
U102,P390,2.8
U102,P365,4.9
U102,P300,2.6
U102,P405,4.1
U102,P484,2.4
U102,P040,3.7
U102,P438,3.8
U102,P217,3.9
U102,P062,2.8
U102,P044,4.6
U102,P077,3.7
U102,P003,2.2
U102,P416,3.9
U102,P413,3.8
U102,P422,4.6
U102,P015,2.9
U102,P238,3.8
U102,P195,4.0
U102,P233,4.9
U102,P150,3.1
U102,P401,4.7
U102,P131,3.6
U103,P241,3.9
U103,P146,4.1
U103,P428,2.0
U103,P296,4.7
U103,P130,1.8
U103,P013,4.2
U103,P227,4.8
U103,P140,3.7
U103,P367,2.4
U103,P122,2.6
U103,P472,2.4
U103,P054,4.8
U103,P326,3.8
U103,P002,2.0
U103,P240,3.6
U103,P342,4.1
U103,P164,3.4
U103,P211,4.9
U103,P014,3.7
U103,P363,2.0
U103,P062,4.2
U103,P267,3.2
U103,P109,3.9
U103,P357,2.6
U103,P015,4.3
U103,P375,4.7
U103,P238,4.6
U103,P382,4.0
U103,P281,4.6
U103,P065,4.8
U103,P439,4.3
U104,P095,4.1
U104,P129,3.6
U104,P098,3.7
U104,P190,4.0
U104,P073,4.9
U104,P127,4.6
U104,P020,3.9
U104,P157,4.8
U104,P011,3.8
U104,P151,3.5
U104,P204,4.5
U104,P200,4.0
U104,P056,2.2
U104,P258,3.9
U104,P063,4.4
U104,P045,2.6
U104,P084,2.1
U104,P242,2.7
U104,P130,4.0
U104,P394,3.7
U104,P173,4.5
U104,P455,3.2
U104,P305,3.4
U104,P183,3.7
U104,P293,2.4
U104,P076,4.7
U104,P364,4.6
U104,P027,4.4
U104,P007,4.4
U104,P408,3.9
U104,P152,3.9
U104,P054,3.0
U104,P182,3.6
U104,P147,1.8
U104,P391,4.4
U104,P282,3.0
U104,P361,3.6
U104,P316,5.0
U104,P407,4.8
U104,P300,3.5
U104,P438,2.0
U104,P092,4.2
U104,P345,1.7
U104,P397,4.9
U104,P341,3.0
U104,P360,4.0
U104,P125,4.2
U104,P412,4.6
U104,P199,4.3
U104,P220,1.9
U104,P144,3.7
U104,P196,4.1
U104,P177,4.6
U104,P154,4.8
U104,P005,4.6
U104,P433,3.6
U104,P079,4.3
U104,P223,2.4
U104,P333,2.4
U104,P259,4.4
U105,P241,3.7
U105,P388,3.8
U105,P155,3.2
U105,P020,4.8
U105,P468,4.7
U105,P346,4.2
U105,P351,4.6
U105,P056,4.3
U105,P258,4.0
U105,P296,2.1
U105,P136,3.3
U105,P441,4.3
U105,P245,3.8
U105,P138,3.6
U105,P290,2.1
U105,P205,1.6
U105,P179,3.7
U105,P172,4.8
U105,P114,4.9
U105,P052,3.9
U105,P002,3.5
U105,P384,4.5
U105,P016,3.9
U105,P407,3.6
U105,P239,4.3
U105,P363,1.5
U105,P062,4.0
U105,P287,3.0
U105,P236,4.1
U105,P144,3.6
U105,P433,3.3
U105,P446,4.3
U106,P137,3.7
U106,P241,4.1
U106,P388,4.2
U106,P443,4.5
U106,P067,4.1
U106,P468,4.6
U106,P146,1.8
U106,P251,4.6
U106,P346,3.5
U106,P069,3.6
U106,P124,2.5
U106,P374,3.7
U106,P242,3.5
U106,P254,4.7
U106,P252,4.9
U106,P115,3.7
U106,P136,3.4
U106,P489,2.2
U106,P173,4.9
U106,P245,4.4
U106,P013,4.7
U106,P434,1.5
U106,P078,3.5
U106,P068,4.3
U106,P224,3.5
U106,P046,3.6
U106,P143,3.6
U106,P166,3.7
U106,P172,4.6
U106,P210,3.7
U106,P141,4.7
U106,P425,4.0
U106,P326,2.7
U106,P248,3.9
U106,P347,4.3
U106,P246,3.9
U106,P356,2.9
U106,P342,3.5
U106,P171,3.6
U106,P461,2.9
U106,P021,1.8
U106,P341,4.8
U106,P386,4.1
U106,P292,1.5
U106,P236,3.8
U106,P059,3.8
U106,P060,4.1
U106,P070,4.0
U106,P177,3.9
U106,P015,4.9
U106,P375,4.5
U106,P055,4.5
U106,P134,3.3
U106,P343,4.9
U106,P132,2.7
U106,P465,5.0
U106,P411,2.1
U106,P354,3.9
U107,P404,4.2
U107,P190,4.7
U107,P020,3.9
U107,P478,4.7
U107,P497,3.7
U107,P146,4.1
U107,P318,4.6
U107,P436,1.9
U107,P213,4.0
U107,P197,3.7
U107,P214,4.7
U107,P130,4.0
U107,P032,4.2
U107,P452,2.7
U107,P176,3.9
U107,P500,4.4
U107,P317,4.5
U107,P232,3.7
U107,P076,4.9
U107,P466,3.8
U107,P472,2.5
U107,P431,2.9
U107,P352,4.3
U107,P042,4.2
U107,P307,4.3
U107,P274,3.8
U107,P047,3.6
U107,P182,4.6
U107,P158,2.8
U107,P128,4.7
U107,P488,3.5
U107,P240,3.8
U107,P479,3.6
U107,P273,4.0
U107,P493,3.8
U107,P001,3.6
U107,P088,2.4
U107,P373,2.7
U107,P341,1.8
U107,P194,3.7
U107,P059,4.9
U107,P077,4.0
U107,P199,4.8
U107,P406,4.7
U107,P429,3.7
U107,P433,2.7
U107,P089,3.6
U107,P354,4.3
U107,P051,4.9
U108,P091,4.1
U108,P127,3.7
U108,P145,5.0
U108,P017,4.3
U108,P043,3.9
U108,P270,3.7
U108,P124,3.8
U108,P242,3.0
U108,P458,2.0
U108,P130,3.8
U108,P487,3.4
U108,P115,2.9
U108,P393,4.8
U108,P477,4.7
U108,P327,2.7
U108,P126,4.0
U108,P379,3.1
U108,P122,4.7
U108,P123,3.7
U108,P352,4.7
U108,P209,4.5
U108,P222,2.0
U108,P255,3.7
U108,P170,3.6
U108,P007,4.4
U108,P425,3.6
U108,P457,1.6
U108,P075,3.9
U108,P297,2.9
U108,P359,3.6
U108,P384,3.0
U108,P426,4.6
U108,P273,4.0
U108,P016,4.3
U108,P304,3.1
U108,P339,1.6
U108,P495,3.9
U108,P230,3.9
U108,P040,4.3
U108,P369,4.3
U108,P014,4.7
U108,P389,3.6
U108,P112,2.3
U108,P038,4.9
U108,P029,3.5
U108,P355,4.0
U108,P121,3.9
U108,P450,2.5
U108,P077,3.8
U108,P202,4.6
U108,P276,4.6
U108,P061,5.0
U108,P028,4.6
U108,P181,3.6
U108,P132,4.1
U108,P031,4.6
U109,P129,2.6
U109,P102,3.8
U109,P465,2.2
U109,P497,3.6
U109,P069,2.9
U109,P041,4.0
U109,P124,1.7
U109,P084,4.6
U109,P449,4.2
U109,P486,5.0
U109,P080,3.9
U109,P451,4.6
U109,P336,4.2
U109,P183,4.9
U109,P378,4.9
U109,P299,5.0
U109,P466,2.7
U109,P030,4.0
U109,P221,3.9
U109,P087,4.1
U109,P456,4.4
U109,P008,3.2
U109,P210,4.2
U109,P027,4.3
U109,P408,4.4
U109,P298,4.0
U109,P180,1.7
U109,P400,4.1
U109,P432,4.2
U109,P075,3.7
U109,P288,5.0
U109,P488,3.6
U109,P459,5.0
U109,P284,3.6
U109,P294,4.7
U109,P331,4.5
U109,P164,2.9
U109,P484,3.7
U109,P211,3.7
U109,P462,4.1
U109,P358,2.9
U109,P386,3.6
U109,P418,3.8
U109,P271,3.7
U109,P044,4.5
U109,P261,2.4
U109,P198,4.2
U109,P499,4.3
U109,P149,4.7
U109,P280,3.7
U109,P079,2.0
U109,P401,3.7
U109,P089,4.9
U109,P051,2.5
U109,P344,2.6
U110,P095,4.5
U110,P137,1.7
U110,P311,3.6
U110,P229,4.1
U110,P497,3.9
U110,P036,4.6
U110,P385,4.8
U110,P349,2.8
U110,P197,4.5
U110,P136,3.9
U110,P115,3.6
U110,P403,3.6
U110,P058,4.9
U110,P226,4.0
U110,P030,4.6
U110,P221,3.7
U110,P006,2.4
U110,P192,4.1
U110,P274,4.2
U110,P488,3.2
U110,P273,3.7
U110,P358,4.5
U110,P014,2.4
U110,P397,3.2
U110,P029,4.1
U110,P250,1.5
U110,P060,4.7
U110,P265,4.4
U110,P202,3.6
U110,P050,4.5
U110,P225,4.4
U110,P399,4.0
U110,P142,4.0
U110,P454,3.8
U110,P368,4.6
U110,P186,4.6
U110,P280,2.3
U110,P215,3.7
U110,P481,2.6
U110,P244,3.7
U111,P313,4.4
U111,P262,2.9
U111,P115,4.1
U111,P427,4.8
U111,P477,4.5
U111,P394,4.2
U111,P184,3.9
U111,P019,4.4
U111,P305,3.8
U111,P080,3.6
U111,P474,4.0
U111,P140,4.7
U111,P183,3.7
U111,P289,3.1
U111,P232,3.0
U111,P340,4.1
U111,P328,2.7
U111,P247,4.6
U111,P180,4.9
U111,P170,3.6
U111,P169,4.2
U111,P114,4.4
U111,P425,3.5
U111,P012,3.9
U111,P347,4.1
U111,P373,3.8
U111,P397,4.2
U111,P267,2.5
U111,P029,3.8
U111,P106,2.7
U111,P281,1.8
U111,P070,5.0
U111,P018,4.9
U111,P325,2.5
U111,P343,4.7
U111,P277,3.3
U111,P244,4.6
U111,P445,3.5
U112,P253,4.9
U112,P204,4.3
U112,P017,4.2
U112,P213,3.6
U112,P252,4.7
U112,P428,2.8
U112,P264,4.4
U112,P140,4.7
U112,P500,4.8
U112,P272,4.4
U112,P309,2.2
U112,P367,2.9
U112,P113,3.9
U112,P244,2.0
U112,P306,1.7
U112,P179,4.2
U112,P008,4.4
U112,P108,4.4
U112,P421,1.6
U112,P347,3.3
U112,P391,4.9
U112,P057,1.7
U112,P479,2.5
U112,P407,4.6
U112,P461,3.7
U112,P014,4.2
U112,P355,3.1
U112,P165,4.0
U112,P003,3.9
U112,P097,3.7
U112,P416,3.9
U112,P199,4.3
U112,P454,3.9
U112,P177,4.7
U112,P233,4.7
U112,P332,4.7
U112,P380,4.5
U112,P089,3.9
U112,P439,4.9
U113,P098,4.3
U113,P091,3.7
U113,P465,3.4
U113,P127,4.9
U113,P257,2.0
U113,P017,1.6
U113,P447,1.6
U113,P099,4.3
U113,P136,3.7
U113,P427,4.8
U113,P039,3.7
U113,P184,3.8
U113,P026,4.0
U113,P483,2.0
U113,P317,4.6
U113,P500,4.9
U113,P312,3.9
U113,P410,4.2
U113,P122,4.9
U113,P306,4.0
U113,P191,4.3
U113,P234,2.2
U113,P205,4.6
U113,P006,2.7
U113,P210,4.3
U113,P425,2.5
U113,P359,3.8
U113,P081,1.9
U113,P094,4.5
U113,P409,4.8
U113,P361,3.9
U113,P356,4.1
U113,P430,4.4
U113,P040,4.6
U113,P450,2.3
U113,P402,4.7
U113,P133,3.9
U113,P097,4.2
U113,P454,3.7
U113,P377,4.1
U113,P195,4.6
U113,P186,4.7
U113,P096,4.4
U113,P132,3.0
U113,P401,4.1
U113,P411,4.4
U113,P259,2.4
U113,P344,3.1
U114,P253,3.6
U114,P020,3.9
U114,P229,2.0
U114,P351,3.8
U114,P349,4.3
U114,P056,4.6
U114,P019,4.9
U114,P068,4.7
U114,P143,4.5
U114,P329,2.9
U114,P410,3.1
U114,P185,3.2
U114,P340,4.2
U114,P234,3.5
U114,P255,3.8
U114,P006,1.6
U114,P180,4.2
U114,P141,3.6
U114,P425,3.9
U114,P491,1.8
U114,P246,4.2
U114,P407,3.0
U114,P230,3.0
U114,P386,3.9
U114,P112,3.5
U114,P059,3.5
U114,P070,4.7
U114,P375,4.4
U114,P018,3.5
U114,P159,2.7
U114,P005,1.8
U114,P464,5.0
U114,P131,3.6
U114,P142,4.3
U114,P445,4.3
U115,P095,4.7
U115,P102,2.8
U115,P091,3.5
U115,P074,3.2
U115,P313,3.6
U115,P270,3.7
U115,P214,3.6
U115,P411,3.6
U115,P305,2.3
U115,P401,3.9
U115,P362,4.5
U115,P118,3.5
U115,P306,4.1
U115,P122,4.5
U115,P033,4.9
U115,P139,3.0
U115,P006,1.8
U115,P066,2.3
U115,P320,3.7
U115,P356,4.4
U115,P430,4.8
U115,P405,4.8
U115,P358,4.5
U115,P208,4.5
U115,P097,4.3
U115,P028,3.9
U115,P195,4.2
U115,P159,2.7
U115,P429,3.9
U115,P218,4.7
U115,P215,4.2
U115,P247,1.7
U116,P404,4.9
U116,P190,4.4
U116,P268,1.8
U116,P200,4.2
U116,P036,3.7
U116,P034,3.7
U116,P056,1.5
U116,P099,4.2
U116,P130,3.9
U116,P115,2.7
U116,P477,4.3
U116,P037,4.0
U116,P224,1.8
U116,P401,4.3
U116,P312,4.0
U116,P376,2.0
U116,P138,2.5
U116,P024,4.1
U116,P191,4.0
U116,P420,4.2
U116,P364,4.1
U116,P279,1.6
U116,P328,2.5
U116,P192,4.9
U116,P298,2.0
U116,P457,2.0
U116,P491,3.8
U116,P147,2.2
U116,P409,4.4
U116,P239,2.8
U116,P040,3.7
U116,P286,1.6
U116,P217,3.9
U116,P402,3.7
U116,P097,3.7
U116,P202,4.8
U116,P186,4.4
U116,P218,3.9
U116,P411,4.3
U116,P193,3.9
U116,P354,4.8
U117,P168,4.6
U117,P251,3.5
U117,P069,4.0
U117,P017,4.2
U117,P056,3.5
U117,P160,3.7
U117,P427,4.2
U117,P167,3.6
U117,P140,3.5
U117,P312,4.5
U117,P232,2.2
U117,P293,2.1
U117,P185,4.3
U117,P410,4.6
U117,P104,3.4
U117,P123,3.6
U117,P237,4.7
U117,P260,4.0
U117,P210,4.2
U117,P006,2.4
U117,P012,4.3
U117,P432,3.2
U117,P246,3.9
U117,P397,4.2
U117,P106,3.6
U117,P178,4.0
U117,P050,2.3
U117,P177,4.3
U117,P435,3.2
U117,P195,4.8
U117,P423,4.8
U117,P281,2.7
U117,P142,3.9
U118,P137,4.3
U118,P155,3.9
U118,P253,4.3
U118,P151,3.7
U118,P135,4.2
U118,P063,3.6
U118,P270,3.9
U118,P427,2.6
U118,P173,3.8
U118,P264,4.7
U118,P068,3.7
U118,P336,2.7
U118,P378,1.5
U118,P025,2.4
U118,P103,3.6
U118,P166,3.6
U118,P255,3.7
U118,P008,4.8
U118,P256,4.7
U118,P260,4.3
U118,P169,4.9
U118,P141,4.3
U118,P274,4.9
U118,P006,4.6
U118,P248,3.7
U118,P347,3.3
U118,P391,4.1
U118,P117,3.8
U118,P230,2.2
U118,P398,3.5
U118,P292,3.8
U118,P450,2.1
U118,P165,4.5
U118,P178,4.1
U118,P116,2.5
U118,P161,4.9
U118,P077,4.8
U118,P097,3.8
U118,P142,4.4
U118,P353,1.9
U118,P423,4.2
U118,P465,4.8
U118,P370,4.7
U119,P095,4.2
U119,P404,4.6
U119,P168,2.8
U119,P190,4.8
U119,P428,3.6
U119,P197,3.9
U119,P214,5.0
U119,P086,1.8
U119,P216,4.4
U119,P032,4.7
U119,P403,4.3
U119,P394,3.2
U119,P184,4.8
U119,P489,1.8
U119,P401,4.4
U119,P362,4.3
U119,P189,4.6
U119,P500,4.6
U119,P126,4.3
U119,P315,4.3
U119,P367,5.0
U119,P437,1.8
U119,P376,3.7
U119,P410,4.5
U119,P232,1.9
U119,P004,3.1
U119,P024,4.6
U119,P191,4.9
U119,P352,4.7
U119,P209,4.4
U119,P085,2.0
U119,P192,3.6
U119,P408,3.7
U119,P457,3.7
U119,P288,2.8
U119,P409,3.9
U119,P316,3.7
U119,P273,1.6
U119,P405,4.3
U119,P048,2.5
U119,P092,4.9
U119,P038,3.9
U119,P125,4.2
U119,P283,2.0
U119,P236,2.1
U119,P424,3.6
U119,P202,3.9
U119,P413,4.4
U119,P454,2.6
U119,P377,4.5
U119,P476,3.7
U119,P218,3.7
U119,P215,3.5
U119,P354,3.7
U120,P155,4.3
U120,P190,1.9
U120,P349,1.9
U120,P258,4.5
U120,P270,4.3
U120,P262,4.2
U120,P296,3.6
U120,P263,3.7
U120,P173,4.7
U120,P403,3.1
U120,P264,4.9
U120,P078,3.6
U120,P068,4.8
U120,P474,4.2
U120,P176,4.9
U120,P224,3.0
U120,P376,3.8
U120,P272,4.6
U120,P379,2.8
U120,P314,3.1
U120,P071,3.9
U120,P293,3.2
U120,P466,4.4
U120,P025,3.0
U120,P122,3.0
U120,P008,4.7
U120,P006,3.6
U120,P298,1.6
U120,P169,4.6
U120,P248,3.8
U120,P066,4.5
U120,P246,4.2
U120,P390,4.5
U120,P171,4.0
U120,P369,3.8
U120,P373,4.7
U120,P386,4.9
U120,P112,3.5
U120,P178,3.7
U120,P003,4.8
U120,P144,4.6
U120,P380,2.5
U120,P354,3.9
U120,P009,4.9
U120,P247,3.6
U120,P372,3.9
U121,P102,2.9
U121,P098,3.6
U121,P266,2.0
U121,P145,4.6
U121,P395,4.9
U121,P189,4.5
U121,P367,4.2
U121,P290,3.6
U121,P410,4.4
U121,P352,4.2
U121,P307,4.0
U121,P027,4.4
U121,P425,2.9
U121,P182,3.7
U121,P488,1.7
U121,P320,4.1
U121,P461,4.1
U121,P211,3.6
U121,P125,3.6
U121,P003,3.5
U121,P202,3.9
U121,P187,3.7
U121,P070,2.1
U121,P148,3.0
U121,P028,4.0
U121,P377,3.8
U121,P093,4.9
U121,P018,3.8
U121,P195,3.9
U121,P368,4.6
U121,P464,1.7
U121,P188,4.8
U122,P155,3.6
U122,P442,3.9
U122,P011,1.6
U122,P323,3.6
U122,P473,3.4
U122,P036,4.7
U122,P145,4.3
U122,P436,4.8
U122,P447,4.5
U122,P262,3.3
U122,P107,4.3
U122,P486,3.6
U122,P039,4.6
U122,P167,3.2
U122,P227,4.1
U122,P037,4.1
U122,P305,3.7
U122,P483,4.2
U122,P362,4.8
U122,P224,5.0
U122,P118,2.4
U122,P317,3.8
U122,P314,4.2
U122,P379,3.6
U122,P243,2.1
U122,P087,4.4
U122,P456,3.8
U122,P279,4.6
U122,P255,3.7
U122,P064,3.5
U122,P260,2.9
U122,P141,4.0
U122,P081,3.5
U122,P010,3.3
U122,P384,3.5
U122,P381,3.6
U122,P057,1.8
U122,P319,3.8
U122,P493,3.6
U122,P206,4.0
U122,P484,4.5
U122,P088,3.9
U122,P092,3.9
U122,P208,4.4
U122,P050,4.2
U122,P422,3.7
U122,P280,3.6
U122,P082,3.9
U123,P168,4.7
U123,P241,3.6
U123,P219,2.2
U123,P067,4.4
U123,P323,2.7
U123,P204,3.7
U123,P498,2.5
U123,P056,3.6
U123,P252,3.8
U123,P120,3.8
U123,P394,4.1
U123,P245,3.6
U123,P058,4.0
U123,P143,4.3
U123,P340,4.0
U123,P103,1.6
U123,P172,4.4
U123,P237,4.8
U123,P054,4.9
U123,P425,4.9
U123,P421,3.5
U123,P248,4.4
U123,P467,4.6
U123,P384,4.0
U123,P390,4.7
U123,P316,2.6
U123,P342,4.1
U123,P463,4.6
U123,P350,4.6
U123,P358,1.6
U123,P239,3.7
U123,P462,2.5
U123,P021,3.3
U123,P398,4.5
U123,P341,4.8
U123,P208,3.8
U123,P287,2.7
U123,P029,2.9
U123,P178,4.4
U123,P116,4.3
U123,P396,3.7
U123,P250,4.1
U123,P070,4.6
U123,P028,3.8
U123,P375,3.7
U123,P186,1.5
U123,P343,4.7
U123,P446,4.9
U123,P259,3.6
U123,P089,2.1
U123,P051,4.3
U123,P344,4.0
U124,P417,3.8
U124,P310,4.8
U124,P419,4.5
U124,P091,3.8
U124,P017,3.1
U124,P498,3.8
U124,P063,2.8
U124,P469,2.6
U124,P124,4.0
U124,P486,4.3
U124,P039,3.8
U124,P245,3.9
U124,P474,4.0
U124,P367,5.0
U124,P232,3.5
U124,P329,4.8
U124,P138,3.6
U124,P025,4.3
U124,P027,3.6
U124,P408,3.9
U124,P158,1.8
U124,P488,4.3
U124,P303,3.7
U124,P331,3.6
U124,P119,2.0
U124,P373,2.9
U124,P287,4.7
U124,P029,4.5
U124,P283,3.6
U124,P077,2.6
U124,P050,3.9
U124,P406,3.5
U124,P195,4.4
U124,P429,4.0
U124,P281,5.0
U124,P215,4.8
U124,P259,2.4
U124,P142,3.9
U125,P091,3.8
U125,P268,2.9
U125,P253,3.8
U125,P212,4.0
U125,P266,3.5
U125,P322,5.0
U125,P043,3.8
U125,P034,4.0
U125,P090,5.0
U125,P214,4.5
U125,P452,4.2
U125,P245,3.9
U125,P037,4.1
U125,P451,3.6
U125,P140,2.9
U125,P306,3.6
U125,P123,4.0
U125,P448,4.2
U125,P479,3.8
U125,P334,4.7
U125,P294,3.8
U125,P339,4.7
U125,P495,4.0
U125,P484,4.9
U125,P350,2.1
U125,P014,3.8
U125,P494,4.5
U125,P386,3.2
U125,P267,3.0
U125,P353,4.7
U125,P105,4.0
U125,P159,1.8
U125,P150,4.1
U125,P218,4.3
U125,P380,3.7
U126,P137,3.9
U126,P095,4.0
U126,P098,4.3
U126,P190,4.8
U126,P091,4.4
U126,P442,3.6
U126,P497,2.6
U126,P323,2.3
U126,P204,4.0
U126,P145,3.8
U126,P235,1.9
U126,P063,4.7
U126,P469,4.6
U126,P374,5.0
U126,P099,3.8
U126,P460,2.8
U126,P427,4.4
U126,P393,4.4
U126,P327,1.7
U126,P013,3.9
U126,P414,3.7
U126,P264,3.9
U126,P362,4.2
U126,P371,4.8
U126,P309,3.9
U126,P290,3.8
U126,P471,5.0
U126,P076,4.6
U126,P293,3.8
U126,P024,4.5
U126,P042,1.9
U126,P179,3.8
U126,P008,4.8
U126,P255,4.6
U126,P448,1.6
U126,P085,3.8
U126,P415,3.9
U126,P278,2.8
U126,P320,4.7
U126,P356,3.5
U126,P316,4.7
U126,P365,3.5
U126,P206,3.8
U126,P358,4.9
U126,P092,4.4
U126,P389,4.6
U126,P341,2.8
U126,P038,4.7
U126,P072,3.9
U126,P116,1.8
U126,P109,3.3
U126,P416,3.6
U126,P144,4.2
U126,P018,4.1
U126,P096,3.9
U126,P223,3.7
U126,P411,5.0
U126,P372,4.6
U127,P417,4.5
U127,P241,4.2
U127,P020,3.1
U127,P235,3.8
U127,P043,4.0
U127,P056,3.8
U127,P041,3.9
U127,P434,2.7
U127,P197,4.7
U127,P486,2.5
U127,P039,4.0
U127,P455,2.7
U127,P245,3.6
U127,P264,3.7
U127,P078,4.8
U127,P046,4.6
U127,P071,3.9
U127,P030,5.0
U127,P420,2.3
U127,P221,4.5
U127,P166,1.8
U127,P205,4.2
U127,P085,2.3
U127,P210,3.7
U127,P192,4.5
U127,P054,4.6
U127,P256,3.4
U127,P400,4.2
U127,P023,4.7
U127,P002,2.7
U127,P381,4.1
U127,P361,2.1
U127,P273,3.9
U127,P206,4.3
U127,P484,3.7
U127,P040,4.7
U127,P163,1.7
U127,P208,4.7
U127,P267,3.9
U127,P271,4.0
U127,P059,4.1
U127,P402,4.2
U127,P412,4.1
U127,P187,4.9
U127,P353,2.2
U127,P269,4.6
U127,P144,2.3
U127,P181,4.7
U127,P177,2.3
U127,P499,4.1
U127,P470,2.9
U127,P195,3.7
U127,P079,3.8
U127,P333,3.1
U127,P131,4.9
U128,P129,2.2
U128,P190,3.7
U128,P127,3.5
U128,P212,4.5
U128,P011,3.7
U128,P101,4.6
U128,P056,2.2
U128,P063,3.6
U128,P395,1.7
U128,P254,4.6
U128,P120,3.4
U128,P452,4.1
U128,P263,3.5
U128,P019,4.7
U128,P227,4.4
U128,P026,3.7
U128,P245,3.3
U128,P336,4.7
U128,P362,2.0
U128,P317,3.0
U128,P379,4.0
U128,P143,4.0
U128,P122,2.8
U128,P103,3.5
U128,P033,3.9
U128,P420,2.0
U128,P222,3.9
U128,P054,3.1
U128,P169,4.2
U128,P007,3.9
U128,P047,3.6
U128,P152,5.0
U128,P111,2.9
U128,P246,4.2
U128,P488,4.9
U128,P481,4.3
U128,P319,2.1
U128,P211,3.5
U128,P159,4.2
U128,P233,4.1
U128,P149,4.1
U128,P055,2.9
U128,P332,3.7
U128,P496,3.8
U128,P370,5.0
U128,P354,2.5
U128,P490,3.8
U129,P129,3.4
U129,P310,3.5
U129,P229,4.3
U129,P313,2.3
U129,P041,4.5
U129,P160,2.3
U129,P317,3.3
U129,P379,4.3
U129,P104,4.8
U129,P367,4.0
U129,P103,3.6
U129,P002,1.8
U129,P282,4.5
U129,P010,2.4
U129,P188,4.6
U129,P117,3.7
U129,P405,4.6
U129,P341,3.7
U129,P453,4.2
U129,P165,5.0
U129,P402,3.6
U129,P059,4.1
U129,P178,3.8
U129,P271,3.5
U129,P366,2.7
U129,P446,4.6
U129,P186,4.3
U129,P343,4.1
U129,P423,3.9
U129,P218,4.2
U129,P333,3.9
U129,P053,4.9
U129,P439,4.5
U130,P253,3.1
U130,P266,4.1
U130,P157,2.1
U130,P231,4.3
U130,P323,4.5
U130,P151,1.7
U130,P145,3.7
U130,P351,3.3
U130,P434,3.9
U130,P120,2.2
U130,P167,1.8
U130,P482,4.7
U130,P173,3.0
U130,P026,4.6
U130,P474,2.3
U130,P183,4.7
U130,P143,3.0
U130,P004,2.2
U130,P205,4.7
U130,P210,4.8
U130,P052,4.5
U130,P383,4.2
U130,P485,3.8
U130,P297,4.7
U130,P023,5.0
U130,P432,3.6
U130,P128,3.5
U130,P207,3.7
U130,P493,3.7
U130,P484,4.8
U130,P194,4.0
U130,P287,4.8
U130,P418,3.6
U130,P424,2.8
U130,P416,4.2
U130,P187,4.5
U130,P199,4.0
U130,P357,2.8
U130,P435,3.7
U130,P110,4.3
U130,P368,2.4
U130,P149,4.1
U130,P055,4.2
U130,P280,4.0
U130,P433,4.3
U130,P277,4.3
U130,P079,4.8
U130,P370,3.6
U131,P095,3.8
U131,P404,4.6
U131,P465,3.1
U131,P127,4.3
U131,P285,1.8
U131,P478,4.1
U131,P146,4.4
U131,P473,3.3
U131,P313,4.6
U131,P318,3.8
U131,P043,3.6
U131,P213,3.6
U131,P460,3.6
U131,P130,3.7
U131,P477,4.2
U131,P173,3.3
U131,P184,4.0
U131,P492,4.8
U131,P451,2.2
U131,P183,4.8
U131,P367,4.5
U131,P314,4.6
U131,P329,2.3
U131,P410,4.5
U131,P185,4.8
U131,P123,4.8
U131,P364,3.8
U131,P033,5.0
U131,P209,4.6
U131,P205,4.0
U131,P222,1.5
U131,P192,4.5
U131,P027,4.1
U131,P348,3.2
U131,P023,3.6
U131,P432,2.0
U131,P320,4.6
U131,P430,3.7
U131,P342,2.2
U131,P016,1.9
U131,P021,3.6
U131,P022,4.4
U131,P194,4.5
U131,P125,4.1
U131,P121,4.5
U131,P338,3.6
U131,P202,4.9
U131,P050,2.3
U131,P353,4.3
U131,P377,3.7
U131,P018,2.7
U131,P470,3.6
U131,P186,3.6
U131,P096,4.9
U131,P401,3.6
U131,P215,4.9
U132,P091,4.2
U132,P322,2.9
U132,P034,4.0
U132,P124,4.5
U132,P216,4.2
U132,P026,4.4
U132,P068,3.6
U132,P176,1.6
U132,P183,4.8
U132,P126,4.1
U132,P138,2.8
U132,P185,3.8
U132,P306,4.6
U132,P221,2.4
U132,P209,4.7
U132,P179,3.5
U132,P201,3.8
U132,P023,4.5
U132,P320,4.3
U132,P361,4.7
U132,P211,4.7
U132,P217,3.6
U132,P402,4.7
U132,P353,3.9
U132,P144,2.7
U132,P181,3.5
U132,P159,1.8
U132,P233,3.1
U132,P186,3.8
U132,P218,3.7
U132,P131,3.0
U132,P193,4.1
U133,P102,4.5
U133,P465,2.0
U133,P475,1.9
U133,P073,2.3
U133,P311,3.8
U133,P157,3.6
U133,P497,4.2
U133,P067,3.3
U133,P318,3.7
U133,P041,4.3
U133,P469,3.4
U133,P427,3.5
U133,P032,3.7
U133,P403,3.6
U133,P414,4.3
U133,P483,4.1
U133,P362,3.8
U133,P474,2.7
U133,P189,4.1
U133,P317,4.2
U133,P104,3.9
U133,P329,4.9
U133,P185,4.1
U133,P025,4.0
U133,P431,4.9
U133,P299,4.1
U133,P420,4.0
U133,P166,2.2
U133,P205,4.5
U133,P179,3.7
U133,P064,3.0
U133,P054,2.8
U133,P066,2.4
U133,P381,4.5
U133,P426,5.0
U133,P302,3.5
U133,P459,4.8
U133,P001,1.9
U133,P387,2.1
U133,P405,4.0
U133,P363,4.3
U133,P163,1.5
U133,P014,3.0
U133,P038,4.1
U133,P453,3.6
U133,P450,3.8
U133,P106,4.2
U133,P337,3.6
U133,P283,4.0
U133,P250,1.7
U133,P399,4.1
U133,P199,3.8
U133,P187,3.7
U133,P233,4.0
U133,P035,4.5
U133,P223,4.2
U133,P496,2.2
U133,P228,4.9
U134,P388,3.9
U134,P073,4.3
U134,P098,3.0
U134,P311,3.7
U134,P266,4.2
U134,P498,2.7
U134,P262,3.6
U134,P374,4.8
U134,P252,4.2
U134,P136,1.6
U134,P263,4.4
U134,P393,4.1
U134,P301,2.6
U134,P068,4.5
U134,P176,4.7
U134,P371,3.5
U134,P272,3.9
U134,P004,3.9
U134,P024,2.5
U134,P255,4.2
U134,P180,3.9
U134,P408,1.6
U134,P066,3.7
U134,P081,3.3
U134,P407,2.8
U134,P117,2.5
U134,P014,3.8
U134,P397,4.3
U134,P062,3.7
U134,P267,3.7
U134,P287,2.7
U134,P165,4.8
U134,P133,4.0
U134,P003,4.2
U134,P070,4.4
U134,P159,4.9
U134,P134,4.9
U134,P423,4.9
U134,P332,3.6
U134,P259,4.4
U134,P370,3.6
U134,P439,2.3
U135,P275,4.4
U135,P475,5.0
U135,P219,2.3
U135,P266,3.8
U135,P473,3.5
U135,P323,2.3
U135,P145,1.7
U135,P351,2.2
U135,P252,4.6
U135,P107,3.6
U135,P486,3.0
U135,P263,4.5
U135,P327,2.3
U135,P013,4.1
U135,P176,4.9
U135,P140,3.5
U135,P189,2.4
U135,P500,2.4
U135,P376,4.2
U135,P272,4.2
U135,P076,4.6
U135,P030,2.0
U135,P222,3.2
U135,P006,4.5
U135,P064,3.9
U135,P169,3.5
U135,P274,4.8
U135,P066,5.0
U135,P023,3.1
U135,P228,2.9
U135,P319,2.4
U135,P249,3.8
U135,P164,5.0
U135,P163,4.1
U135,P165,3.9
U135,P161,4.0
U135,P396,4.5
U135,P250,3.5
U135,P424,4.4
U135,P070,3.8
U135,P261,4.0
U135,P061,4.1
U135,P154,5.0
U135,P470,3.5
U135,P423,5.0
U135,P223,2.9
U135,P259,4.2
U135,P142,3.9
U135,P490,4.9
U136,P129,3.8
U136,P468,4.1
U136,P212,3.1
U136,P321,3.9
U136,P251,4.1
U136,P473,3.1
U136,P069,4.4
U136,P351,3.7
U136,P440,4.4
U136,P258,5.0
U136,P262,3.0
U136,P213,3.3
U136,P252,4.9
U136,P487,2.3
U136,P394,3.9
U136,P245,4.4
U136,P393,4.2
U136,P379,1.7
U136,P340,4.1
U136,P166,4.6
U136,P328,3.7
U136,P295,3.1
U136,P256,4.3
U136,P180,4.8
U136,P170,4.8
U136,P169,3.7
U136,P141,4.1
U136,P348,4.8
U136,P054,3.8
U136,P347,4.9
U136,P297,3.8
U136,P002,2.3
U136,P390,3.9
U136,P356,3.7
U136,P171,3.8
U136,P239,4.2
U136,P373,3.9
U136,P112,4.4
U136,P386,5.0
U136,P121,3.5
U136,P116,5.0
U136,P375,4.3
U136,P470,3.7
U136,P132,3.0
U136,P465,4.0
U136,P065,4.9
U136,P131,3.7
U136,P142,4.2
U136,P247,4.9
U137,P419,4.0
U137,P074,3.8
U137,P212,4.7
U137,P204,3.8
U137,P036,3.6
U137,P318,4.5
U137,P436,1.7
U137,P428,4.8
U137,P084,2.7
U137,P039,3.9
U137,P482,2.1
U137,P078,2.2
U137,P362,4.2
U137,P293,3.5
U137,P027,4.5
U137,P408,4.4
U137,P365,4.4
U137,P117,3.4
U137,P405,3.7
U137,P358,3.9
U137,P354,3.8
U137,P360,4.1
U137,P121,4.0
U137,P178,2.2
U137,P357,4.9
U137,P269,1.9
U137,P105,3.1
U137,P422,4.2
U137,P429,4.2
U137,P368,3.9
U137,P031,4.6
U138,P102,3.6
U138,P241,3.6
U138,P388,4.7
U138,P157,4.3
U138,P257,3.8
U138,P135,3.8
U138,P069,4.5
U138,P063,4.1
U138,P262,3.6
U138,P428,2.3
U138,P252,3.6
U138,P197,2.9
U138,P160,4.3
U138,P394,4.6
U138,P173,4.8
U138,P080,5.0
U138,P482,1.6
U138,P078,4.4
U138,P176,3.9
U138,P183,2.1
U138,P378,3.3
U138,P004,4.5
U138,P448,3.1
U138,P179,3.9
U138,P008,4.5
U138,P260,4.2
U138,P153,3.6
U138,P141,4.4
U138,P027,2.9
U138,P002,3.6
U138,P297,2.0
U138,P249,4.7
U138,P117,1.7
U138,P387,4.9
U138,P164,4.3
U138,P350,1.7
U138,P369,3.8
U138,P398,4.4
U138,P397,4.4
U138,P267,4.2
U138,P386,4.3
U138,P165,4.7
U138,P392,4.0
U138,P225,3.1
U138,P476,2.0
U138,P188,1.8
U138,P463,3.6
U138,P259,3.8
U138,P009,4.3
U139,P098,3.7
U139,P253,2.8
U139,P266,2.7
U139,P468,1.9
U139,P151,3.4
U139,P200,4.5
U139,P258,1.7
U139,P452,4.8
U139,P049,4.0
U139,P289,4.5
U139,P315,3.6
U139,P379,3.8
U139,P329,3.7
U139,P004,2.1
U139,P193,4.0
U139,P234,4.0
U139,P295,4.6
U139,P279,4.2
U139,P326,4.5
U139,P491,4.9
U139,P248,2.0
U139,P297,4.5
U139,P023,4.0
U139,P282,3.8
U139,P391,2.5
U139,P459,3.8
U139,P426,3.7
U139,P240,3.2
U139,P334,4.0
U139,P331,4.3
U139,P021,4.2
U139,P208,4.4
U139,P292,4.1
U139,P106,4.6
U139,P338,3.8
U139,P271,2.2
U139,P276,3.8
U139,P444,3.6
U139,P110,4.1
U139,P382,4.0
U139,P188,4.6
U139,P380,4.7
U139,P481,4.0
U139,P439,4.0
U139,P228,4.3
U140,P102,3.0
U140,P155,3.9
U140,P020,4.9
U140,P204,4.7
U140,P349,4.1
U140,P213,4.9
U140,P254,4.6
U140,P427,3.9
U140,P078,4.0
U140,P176,4.4
U140,P183,3.6
U140,P376,3.6
U140,P122,4.0
U140,P179,4.3
U140,P256,4.2
U140,P023,3.9
U140,P240,4.2
U140,P316,4.8
U140,P175,3.6
U140,P284,3.9
U140,P294,3.3
U140,P230,3.6
U140,P495,4.8
U140,P363,4.4
U140,P345,4.4
U140,P397,4.3
U140,P163,2.6
U140,P453,2.3
U140,P050,2.9
U140,P454,3.2
U140,P496,4.3
U141,P404,4.7
U141,P310,4.2
U141,P218,4.4
U141,P204,4.5
U141,P017,3.3
U141,P045,2.9
U141,P026,5.0
U141,P492,4.7
U141,P305,2.8
U141,P317,4.7
U141,P126,4.8
U141,P376,1.7
U141,P378,4.9
U141,P185,4.4
U141,P203,5.0
U141,P307,4.6
U141,P192,4.7
U141,P409,4.1
U141,P361,3.9
U141,P273,2.6
U141,P365,4.8
U141,P249,3.3
U141,P358,4.5
U141,P386,1.7
U141,P038,4.5
U141,P121,4.0
U141,P402,4.3
U141,P424,3.2
U141,P357,4.7
U141,P196,4.1
U141,P009,1.6
U141,P188,4.4
U141,P051,1.5
U141,P372,3.6
U142,P129,3.7
U142,P155,3.7
U142,P190,4.2
U142,P204,4.8
U142,P145,4.1
U142,P428,4.2
U142,P136,4.6
U142,P130,4.6
U142,P216,4.1
U142,P263,2.6
U142,P482,2.5
U142,P184,3.8
U142,P189,4.1
U142,P315,4.7
U142,P314,3.6
U142,P367,3.8
U142,P299,3.8
U142,P123,4.6
U142,P307,3.7
U142,P237,3.4
U142,P114,1.8
U142,P027,4.2
U142,P147,3.0
U142,P128,4.6
U142,P365,4.0
U142,P308,3.8
U142,P163,4.0
U142,P014,3.5
U142,P038,4.0
U142,P402,3.9
U142,P161,1.8
U142,P220,2.6
U142,P195,3.5
U142,P186,4.7
U142,P096,4.1
U142,P150,3.6
U142,P031,4.0
U143,P190,3.7
U143,P268,2.4
U143,P321,2.1
U143,P231,2.5
U143,P101,1.7
U143,P200,5.0
U143,P145,4.2
U143,P034,4.1
U143,P213,4.8
U143,P254,4.2
U143,P130,4.8
U143,P019,4.7
U143,P026,3.5
U143,P483,2.7
U143,P474,3.7
U143,P143,3.9
U143,P138,4.0
U143,P104,2.8
U143,P025,4.9
U143,P243,4.5
U143,P123,3.6
U143,P122,4.2
U143,P030,4.7
U143,P340,4.4
U143,P087,1.8
U143,P042,2.8
U143,P255,4.7
U143,P064,3.7
U143,P180,4.5
U143,P008,3.4
U143,P052,4.6
U143,P007,2.2
U143,P457,3.0
U143,P128,3.9
U143,P246,3.9
U143,P240,4.6
U143,P407,4.0
U143,P369,3.3
U143,P345,4.2
U143,P208,4.4
U143,P360,4.3
U143,P292,4.0
U143,P453,2.2
U143,P165,4.8
U143,P116,4.0
U143,P097,4.1
U143,P424,3.7
U143,P366,4.6
U143,P276,3.6
U143,P353,4.6
U143,P144,4.7
U143,P406,4.4
U143,P177,4.7
U143,P015,5.0
U143,P444,3.5
U143,P325,3.1
U143,P368,4.8
U143,P131,3.9
U143,P009,2.5
U143,P344,3.5
U144,P095,2.3
U144,P404,4.2
U144,P468,5.0
U144,P101,1.7
U144,P043,4.8
U144,P385,4.3
U144,P351,4.1
U144,P258,4.9
U144,P099,4.0
U144,P214,3.8
U144,P296,3.6
U144,P245,3.8
U144,P500,3.5
U144,P379,4.6
U144,P071,4.0
U144,P466,4.4
U144,P340,3.7
U144,P243,4.8
U144,P024,4.3
U144,P166,4.7
U144,P103,2.4
U144,P205,3.8
U144,P180,4.9
U144,P425,4.3
U144,P153,2.4
U144,P457,1.8
U144,P201,3.7
U144,P359,3.1
U144,P246,4.4
U144,P387,4.8
U144,P386,4.6
U144,P360,1.9
U144,P283,3.9
U144,P060,4.4
U144,P325,3.6
U144,P423,3.9
U145,P137,4.8
U145,P102,3.4
U145,P475,3.3
U145,P074,4.8
U145,P212,4.9
U145,P011,3.6
U145,P235,4.8
U145,P440,3.9
U145,P041,4.4
U145,P395,2.6
U145,P045,3.8
U145,P428,3.3
U145,P136,4.8
U145,P049,4.2
U145,P393,3.9
U145,P080,4.3
U145,P482,1.7
U145,P224,4.6
U145,P176,4.9
U145,P118,4.8
U145,P113,3.9
U145,P437,3.6
U145,P071,4.2
U145,P420,3.3
U145,P328,2.6
U145,P114,3.6
U145,P170,3.7
U145,P348,4.7
U145,P047,4.8
U145,P347,4.6
U145,P381,4.9
U145,P426,4.5
U145,P320,2.3
U145,P016,4.5
U145,P284,2.1
U145,P230,4.0
U145,P358,1.5
U145,P398,4.6
U145,P112,4.2
U145,P287,3.0
U145,P324,2.1
U145,P271,4.2
U145,P250,3.9
U145,P097,4.0
U145,P199,4.7
U145,P276,4.2
U145,P177,4.4
U145,P154,2.9
U145,P198,4.4
U145,P238,4.8
U145,P110,3.2
U145,P195,3.6
U145,P186,3.7
U145,P343,4.8
U145,P401,4.5
U145,P489,3.6
U145,P089,1.7
U145,P354,3.9
U146,P404,4.0
U146,P241,4.3
U146,P235,4.7
U146,P385,4.9
U146,P213,4.0
U146,P242,4.0
U146,P216,4.9
U146,P455,1.7
U146,P227,4.1
U146,P305,3.1
U146,P046,4.5
U146,P189,4.6
U146,P317,2.0
U146,P309,3.6
U146,P232,4.2
U146,P030,4.0
U146,P209,4.2
U146,P237,4.0
U146,P256,1.9
U146,P027,3.8
U146,P141,1.5
U146,P415,3.8
U146,P491,4.0
U146,P384,4.3
U146,P303,3.1
U146,P273,3.9
U146,P493,4.3
U146,P215,3.8
U146,P230,4.4
U146,P164,1.7
U146,P239,3.6
U146,P373,3.3
U146,P450,3.8
U146,P065,3.2
U146,P077,4.8
U146,P424,1.9
U146,P416,4.0
U146,P148,4.0
U146,P199,3.7
U146,P225,4.1
U146,P028,4.8
U146,P195,4.6
U146,P134,3.7
U146,P096,3.5
U146,P188,4.4
U146,P411,5.0
U146,P031,4.0
U146,P344,2.1
U147,P155,4.0
U147,P475,4.7
U147,P074,4.4
U147,P266,4.6
U147,P257,4.6
U147,P174,4.5
U147,P270,4.3
U147,P469,5.0
U147,P090,2.7
U147,P263,4.4
U147,P394,3.6
U147,P080,4.4
U147,P078,4.2
U147,P474,4.2
U147,P140,4.9
U147,P410,1.9
U147,P472,4.3
U147,P004,4.3
U147,P370,3.6
U147,P203,2.4
U147,P139,4.8
U147,P209,1.9
U147,P279,3.2
U147,P006,3.6
U147,P007,4.6
U147,P169,4.4
U147,P297,3.9
U147,P278,3.3
U147,P409,3.3
U147,P390,4.2
U147,P387,4.6
U147,P358,3.9
U147,P165,5.0
U147,P106,2.0
U147,P161,4.2
U147,P396,4.3
U147,P060,3.2
U147,P156,4.0
U147,P109,2.9
U147,P276,4.8
U147,P269,4.9
U147,P154,3.7
U147,P470,4.3
U147,P382,3.2
U147,P433,2.3
U147,P411,1.5
U147,P142,4.4
U148,P137,1.5
U148,P465,4.0
U148,P275,1.5
U148,P074,2.3
U148,P321,4.0
U148,P231,4.7
U148,P036,4.4
U148,P100,4.1
U148,P083,3.6
U148,P374,1.9
U148,P099,4.5
U148,P136,4.2
U148,P197,4.3
U148,P167,3.9
U148,P173,1.7
U148,P327,4.5
U148,P305,3.7
U148,P500,4.1
U148,P315,3.8
U148,P437,4.2
U148,P122,4.8
U148,P203,4.7
U148,P364,4.3
U148,P087,4.7
U148,P279,4.2
U148,P006,3.1
U148,P383,3.8
U148,P248,3.7
U148,P426,4.7
U148,P356,3.7
U148,P016,3.8
U148,P206,4.9
U148,P164,1.8
U148,P350,3.2
U148,P462,4.4
U148,P363,3.8
U148,P267,1.7
U148,P194,3.8
U148,P392,1.9
U148,P097,4.4
U148,P366,4.0
U148,P220,4.2
U148,P353,4.5
U148,P196,4.7
U148,P377,4.7
U148,P198,4.9
U148,P195,4.5
U148,P233,3.6
U148,P055,2.1
U148,P186,3.7
U148,P096,4.9
U148,P401,4.2
U148,P439,4.7
U148,P051,1.6
U149,P137,3.8
U149,P129,3.9
U149,P253,3.6
U149,P468,4.7
U149,P146,3.7
U149,P251,4.6
U149,P258,4.3
U149,P469,3.8
U149,P242,4.1
U149,P458,3.2
U149,P115,4.9
U149,P120,3.6
U149,P167,4.9
U149,P393,4.8
U149,P039,3.3
U149,P032,1.7
U149,P118,3.8
U149,P226,2.0
U149,P076,3.1
U149,P466,3.5
U149,P243,4.9
U149,P025,2.0
U149,P420,3.2
U149,P166,4.9
U149,P221,1.5
U149,P179,3.9
U149,P064,4.7
U149,P260,4.7
U149,P170,5.0
U149,P054,5.0
U149,P348,4.7
U149,P383,4.1
U149,P066,4.8
U149,P288,1.6
U149,P467,3.7
U149,P171,3.9
U149,P249,4.5
U149,P117,4.8
U149,P350,4.1
U149,P495,4.4
U149,P014,4.8
U149,P398,4.4
U149,P165,3.8
U149,P178,4.8
U149,P392,3.3
U149,P424,3.9
U149,P412,3.2
U149,P144,4.1
U149,P177,4.1
U149,P377,2.2
U149,P470,4.9
U149,P035,3.5
U149,P223,2.7
U149,P380,3.0
U149,P051,4.4
U150,P257,3.6
U150,P151,3.2
U150,P204,3.6
U150,P100,4.2
U150,P083,2.4
U150,P099,4.6
U150,P136,4.2
U150,P492,4.7
U150,P078,3.2
U150,P176,4.3
U150,P140,5.0
U150,P420,4.7
U150,P166,4.6
U150,P108,1.6
U150,P010,1.5
U150,P467,3.7
U150,P057,4.8
U150,P356,3.9
U150,P294,1.9
U150,P206,4.2
U150,P304,3.8
U150,P112,3.6
U150,P292,2.5
U150,P236,4.9
U150,P271,2.8
U150,P133,2.1
U150,P424,4.4
U150,P187,4.0
U150,P357,4.6
U150,P055,3.5
U150,P096,4.2
U150,P079,3.6
U150,P218,4.4
U150,P065,3.9
